produkt_code,markt,kanal,herkunft,jahr,neugeschaeft_rate_pct,storno_rueckkauf_rate_pct,beitragsfrei_rate_pct,dynamik_annahme_rate_pct,leistungsfall_rate_pct,bemerkung
LV-RISK,CH,agentur,alle,2016,9.0,3.61,0.68,65.0,0.25,
LV-RISK,CH,agentur,alle,2017,9.0,3.61,0.68,64.2,0.25,
LV-RISK,CH,agentur,alle,2018,9.0,3.68,0.68,63.4,0.25,
LV-RISK,CH,agentur,alle,2019,9.0,3.72,0.68,62.6,0.25,
LV-RISK,CH,agentur,pfefferminz,2020,7.65,3.97,0.89,61.8,0.29,"Pandemiejahre: Uebersterblichkeit, mehr Beitragsfreistellungen"
LV-RISK,CH,agentur,pfefferminz,2021,9.0,3.61,0.68,61.0,0.29,"Pandemiejahre: Uebersterblichkeit, mehr Beitragsfreistellungen"
LV-RISK,CH,agentur,pfefferminz,2022,9.0,3.9,0.68,60.2,0.25,
LV-RISK,CH,agentur,pfefferminz,2023,9.0,4.15,0.89,59.4,0.25,Zinsanstieg: Rueckkaeufe zugunsten anderer Anlagen
LV-RISK,CH,agentur,pfefferminz,2024,9.0,3.79,0.68,58.6,0.25,
LV-RISK,CH,agentur,pfefferminz,2025,9.0,5.06,0.68,57.8,0.25,Fusionseffekt: Rueckkaufwelle nach Vertriebsumbau und Systemmigration Q4
LV-RISK,CH,makler,alle,2016,9.9,4.68,0.68,65.0,0.25,
LV-RISK,CH,makler,alle,2017,9.9,4.68,0.68,64.2,0.25,
LV-RISK,CH,makler,alle,2018,9.9,4.77,0.68,63.4,0.25,
LV-RISK,CH,makler,alle,2019,9.9,4.82,0.68,62.6,0.25,
LV-RISK,CH,makler,pfefferminz,2020,8.42,5.14,0.89,61.8,0.29,"Pandemiejahre: Uebersterblichkeit, mehr Beitragsfreistellungen"
LV-RISK,CH,makler,pfefferminz,2021,9.9,4.68,0.68,61.0,0.29,"Pandemiejahre: Uebersterblichkeit, mehr Beitragsfreistellungen"
LV-RISK,CH,makler,pfefferminz,2022,9.9,5.05,0.68,60.2,0.25,
LV-RISK,CH,makler,pfefferminz,2023,9.9,5.38,0.89,59.4,0.25,Zinsanstieg: Rueckkaeufe zugunsten anderer Anlagen
LV-RISK,CH,makler,pfefferminz,2024,9.9,4.91,0.68,58.6,0.25,
LV-RISK,CH,makler,pfefferminz,2025,9.9,6.55,0.68,57.8,0.25,Fusionseffekt: Rueckkaufwelle nach Vertriebsumbau und Systemmigration Q4
LV-RISK,CH,direkt,alle,2016,12.6,5.74,0.79,65.0,0.25,
LV-RISK,CH,direkt,alle,2017,12.6,5.74,0.79,64.2,0.25,
LV-RISK,CH,direkt,alle,2018,12.6,5.85,0.79,63.4,0.25,
LV-RISK,CH,direkt,alle,2019,12.6,5.91,0.79,62.6,0.25,
LV-RISK,CH,direkt,pfefferminz,2020,10.71,6.31,1.03,61.8,0.29,"Pandemiejahre: Uebersterblichkeit, mehr Beitragsfreistellungen"
LV-RISK,CH,direkt,minzia,2020,19.28,7.57,1.03,53.8,0.29,"Pandemiejahre: Uebersterblichkeit, mehr Beitragsfreistellungen"
LV-RISK,CH,direkt,pfefferminz,2021,12.6,5.74,0.79,61.0,0.29,"Pandemiejahre: Uebersterblichkeit, mehr Beitragsfreistellungen"
LV-RISK,CH,direkt,minzia,2021,22.68,6.89,0.79,53.0,0.29,"Pandemiejahre: Uebersterblichkeit, mehr Beitragsfreistellungen"
LV-RISK,CH,direkt,pfefferminz,2022,12.6,6.2,0.79,60.2,0.25,
LV-RISK,CH,direkt,minzia,2022,22.68,7.44,0.79,52.2,0.25,
LV-RISK,CH,direkt,pfefferminz,2023,12.6,6.6,1.03,59.4,0.25,Zinsanstieg: Rueckkaeufe zugunsten anderer Anlagen
LV-RISK,CH,direkt,minzia,2023,22.68,7.92,1.03,51.4,0.25,Zinsanstieg: Rueckkaeufe zugunsten anderer Anlagen
LV-RISK,CH,direkt,pfefferminz,2024,12.6,6.02,0.79,58.6,0.25,
LV-RISK,CH,direkt,minzia,2024,22.68,7.23,0.79,50.6,0.25,
LV-RISK,CH,direkt,pfefferminz,2025,12.6,8.03,0.79,57.8,0.25,Fusionseffekt: Rueckkaufwelle nach Vertriebsumbau und Systemmigration Q4
LV-RISK,CH,direkt,minzia,2025,22.68,7.71,0.79,49.8,0.25,
LV-RISK,CH,bank,alle,2016,7.2,4.04,0.72,65.0,0.25,
LV-RISK,CH,bank,alle,2017,7.2,4.04,0.72,64.2,0.25,
LV-RISK,CH,bank,alle,2018,7.2,4.12,0.72,63.4,0.25,
LV-RISK,CH,bank,alle,2019,7.2,4.16,0.72,62.6,0.25,
LV-RISK,CH,bank,pfefferminz,2020,6.12,4.44,0.94,61.8,0.29,"Pandemiejahre: Uebersterblichkeit, mehr Beitragsfreistellungen"
LV-RISK,CH,bank,pfefferminz,2021,7.2,4.04,0.72,61.0,0.29,"Pandemiejahre: Uebersterblichkeit, mehr Beitragsfreistellungen"
LV-RISK,CH,bank,pfefferminz,2022,7.2,4.36,0.72,60.2,0.25,
LV-RISK,CH,bank,pfefferminz,2023,7.2,4.64,0.94,59.4,0.25,Zinsanstieg: Rueckkaeufe zugunsten anderer Anlagen
LV-RISK,CH,bank,pfefferminz,2024,7.2,4.24,0.72,58.6,0.25,
LV-RISK,CH,bank,pfefferminz,2025,7.2,5.65,0.72,57.8,0.25,Fusionseffekt: Rueckkaufwelle nach Vertriebsumbau und Systemmigration Q4
LV-RISK,DE,agentur,alle,2016,9.0,4.89,0.84,65.0,0.25,
LV-RISK,DE,agentur,alle,2017,9.0,4.89,0.84,64.2,0.25,
LV-RISK,DE,agentur,alle,2018,9.0,4.99,0.84,63.4,0.25,
LV-RISK,DE,agentur,alle,2019,9.0,5.03,0.84,62.6,0.25,
LV-RISK,DE,agentur,pfefferminz,2020,7.65,5.38,1.09,61.8,0.29,"Pandemiejahre: Uebersterblichkeit, mehr Beitragsfreistellungen"
LV-RISK,DE,agentur,pfefferminz,2021,9.0,4.89,0.84,61.0,0.29,"Pandemiejahre: Uebersterblichkeit, mehr Beitragsfreistellungen"
LV-RISK,DE,agentur,pfefferminz,2022,9.0,5.28,0.84,60.2,0.25,
LV-RISK,DE,agentur,pfefferminz,2023,9.0,5.62,1.09,59.4,0.25,Zinsanstieg: Rueckkaeufe zugunsten anderer Anlagen
LV-RISK,DE,agentur,pfefferminz,2024,9.0,5.13,0.84,58.6,0.25,
LV-RISK,DE,agentur,pfefferminz,2025,9.0,6.84,0.84,57.8,0.25,Fusionseffekt: Rueckkaufwelle nach Vertriebsumbau und Systemmigration Q4
LV-RISK,DE,makler,alle,2016,9.9,6.33,0.84,65.0,0.25,
LV-RISK,DE,makler,alle,2017,9.9,6.33,0.84,64.2,0.25,
LV-RISK,DE,makler,alle,2018,9.9,6.45,0.84,63.4,0.25,
LV-RISK,DE,makler,alle,2019,9.9,6.51,0.84,62.6,0.25,
LV-RISK,DE,makler,pfefferminz,2020,8.42,6.96,1.09,61.8,0.29,"Pandemiejahre: Uebersterblichkeit, mehr Beitragsfreistellungen"
LV-RISK,DE,makler,pfefferminz,2021,9.9,6.33,0.84,61.0,0.29,"Pandemiejahre: Uebersterblichkeit, mehr Beitragsfreistellungen"
LV-RISK,DE,makler,pfefferminz,2022,9.9,6.83,0.84,60.2,0.25,
LV-RISK,DE,makler,pfefferminz,2023,9.9,7.27,1.09,59.4,0.25,Zinsanstieg: Rueckkaeufe zugunsten anderer Anlagen
LV-RISK,DE,makler,pfefferminz,2024,9.9,6.64,0.84,58.6,0.25,
LV-RISK,DE,makler,pfefferminz,2025,9.9,8.86,0.84,57.8,0.25,Fusionseffekt: Rueckkaufwelle nach Vertriebsumbau und Systemmigration Q4
LV-RISK,DE,direkt,alle,2016,12.6,7.76,0.97,65.0,0.25,
LV-RISK,DE,direkt,alle,2017,12.6,7.76,0.97,64.2,0.25,
LV-RISK,DE,direkt,alle,2018,12.6,7.92,0.97,63.4,0.25,
LV-RISK,DE,direkt,alle,2019,12.6,8.0,0.97,62.6,0.25,
LV-RISK,DE,direkt,pfefferminz,2020,10.71,8.54,1.26,61.8,0.29,"Pandemiejahre: Uebersterblichkeit, mehr Beitragsfreistellungen"
LV-RISK,DE,direkt,minzia,2020,19.28,10.25,1.26,53.8,0.29,"Pandemiejahre: Uebersterblichkeit, mehr Beitragsfreistellungen"
LV-RISK,DE,direkt,pfefferminz,2021,12.6,7.76,0.97,61.0,0.29,"Pandemiejahre: Uebersterblichkeit, mehr Beitragsfreistellungen"
LV-RISK,DE,direkt,minzia,2021,22.68,9.31,0.97,53.0,0.29,"Pandemiejahre: Uebersterblichkeit, mehr Beitragsfreistellungen"
LV-RISK,DE,direkt,pfefferminz,2022,12.6,8.38,0.97,60.2,0.25,
LV-RISK,DE,direkt,minzia,2022,22.68,10.06,0.97,52.2,0.25,
LV-RISK,DE,direkt,pfefferminz,2023,12.6,8.93,1.26,59.4,0.25,Zinsanstieg: Rueckkaeufe zugunsten anderer Anlagen
LV-RISK,DE,direkt,minzia,2023,22.68,10.71,1.26,51.4,0.25,Zinsanstieg: Rueckkaeufe zugunsten anderer Anlagen
LV-RISK,DE,direkt,pfefferminz,2024,12.6,8.15,0.97,58.6,0.25,
LV-RISK,DE,direkt,minzia,2024,22.68,9.78,0.97,50.6,0.25,
LV-RISK,DE,direkt,pfefferminz,2025,12.6,10.87,0.97,57.8,0.25,Fusionseffekt: Rueckkaufwelle nach Vertriebsumbau und Systemmigration Q4
LV-RISK,DE,direkt,minzia,2025,22.68,10.43,0.97,49.8,0.25,
LV-RISK,DE,bank,alle,2016,7.2,5.46,0.88,65.0,0.25,
LV-RISK,DE,bank,alle,2017,7.2,5.46,0.88,64.2,0.25,
LV-RISK,DE,bank,alle,2018,7.2,5.57,0.88,63.4,0.25,
LV-RISK,DE,bank,alle,2019,7.2,5.63,0.88,62.6,0.25,
LV-RISK,DE,bank,pfefferminz,2020,6.12,6.01,1.14,61.8,0.29,"Pandemiejahre: Uebersterblichkeit, mehr Beitragsfreistellungen"
LV-RISK,DE,bank,pfefferminz,2021,7.2,5.46,0.88,61.0,0.29,"Pandemiejahre: Uebersterblichkeit, mehr Beitragsfreistellungen"
LV-RISK,DE,bank,pfefferminz,2022,7.2,5.9,0.88,60.2,0.25,
LV-RISK,DE,bank,pfefferminz,2023,7.2,6.28,1.14,59.4,0.25,Zinsanstieg: Rueckkaeufe zugunsten anderer Anlagen
LV-RISK,DE,bank,pfefferminz,2024,7.2,5.74,0.88,58.6,0.25,
LV-RISK,DE,bank,pfefferminz,2025,7.2,7.65,0.88,57.8,0.25,Fusionseffekt: Rueckkaufwelle nach Vertriebsumbau und Systemmigration Q4
LV-VORS,CH,agentur,alle,2016,4.0,2.53,1.54,60.0,1.2,
LV-VORS,CH,agentur,alle,2017,4.0,2.53,1.54,59.2,1.2,
LV-VORS,CH,agentur,alle,2018,4.0,2.58,1.54,58.4,1.2,
LV-VORS,CH,agentur,alle,2019,4.0,2.6,1.54,57.6,1.2,
LV-VORS,CH,agentur,pfefferminz,2020,3.4,2.78,2.0,56.8,1.38,"Pandemiejahre: Uebersterblichkeit, mehr Beitragsfreistellungen"
LV-VORS,CH,agentur,pfefferminz,2021,4.0,2.53,1.54,56.0,1.38,"Pandemiejahre: Uebersterblichkeit, mehr Beitragsfreistellungen"
LV-VORS,CH,agentur,pfefferminz,2022,4.0,2.73,1.54,55.2,1.2,
LV-VORS,CH,agentur,pfefferminz,2023,4.0,2.91,2.0,54.4,1.2,Zinsanstieg: Rueckkaeufe zugunsten anderer Anlagen
LV-VORS,CH,agentur,pfefferminz,2024,4.0,2.66,1.54,53.6,1.2,
LV-VORS,CH,agentur,pfefferminz,2025,4.0,3.54,1.54,52.8,1.2,Fusionseffekt: Rueckkaufwelle nach Vertriebsumbau und Systemmigration Q4
LV-VORS,CH,makler,alle,2016,4.4,3.27,1.54,60.0,1.2,
LV-VORS,CH,makler,alle,2017,4.4,3.27,1.54,59.2,1.2,
LV-VORS,CH,makler,alle,2018,4.4,3.34,1.54,58.4,1.2,
LV-VORS,CH,makler,alle,2019,4.4,3.37,1.54,57.6,1.2,
LV-VORS,CH,makler,pfefferminz,2020,3.74,3.6,2.0,56.8,1.38,"Pandemiejahre: Uebersterblichkeit, mehr Beitragsfreistellungen"
LV-VORS,CH,makler,pfefferminz,2021,4.4,3.27,1.54,56.0,1.38,"Pandemiejahre: Uebersterblichkeit, mehr Beitragsfreistellungen"
LV-VORS,CH,makler,pfefferminz,2022,4.4,3.53,1.54,55.2,1.2,
LV-VORS,CH,makler,pfefferminz,2023,4.4,3.76,2.0,54.4,1.2,Zinsanstieg: Rueckkaeufe zugunsten anderer Anlagen
LV-VORS,CH,makler,pfefferminz,2024,4.4,3.44,1.54,53.6,1.2,
LV-VORS,CH,makler,pfefferminz,2025,4.4,4.58,1.54,52.8,1.2,Fusionseffekt: Rueckkaufwelle nach Vertriebsumbau und Systemmigration Q4
LV-VORS,CH,direkt,alle,2016,5.6,4.02,1.78,60.0,1.2,
LV-VORS,CH,direkt,alle,2017,5.6,4.02,1.78,59.2,1.2,
LV-VORS,CH,direkt,alle,2018,5.6,4.1,1.78,58.4,1.2,
LV-VORS,CH,direkt,alle,2019,5.6,4.14,1.78,57.6,1.2,
LV-VORS,CH,direkt,pfefferminz,2020,4.76,4.42,2.32,56.8,1.38,"Pandemiejahre: Uebersterblichkeit, mehr Beitragsfreistellungen"
LV-VORS,CH,direkt,pfefferminz,2021,5.6,4.02,1.78,56.0,1.38,"Pandemiejahre: Uebersterblichkeit, mehr Beitragsfreistellungen"
LV-VORS,CH,direkt,pfefferminz,2022,5.6,4.34,1.78,55.2,1.2,
LV-VORS,CH,direkt,pfefferminz,2023,5.6,4.62,2.32,54.4,1.2,Zinsanstieg: Rueckkaeufe zugunsten anderer Anlagen
LV-VORS,CH,direkt,pfefferminz,2024,5.6,4.22,1.78,53.6,1.2,
LV-VORS,CH,direkt,pfefferminz,2025,5.6,5.62,1.78,52.8,1.2,Fusionseffekt: Rueckkaufwelle nach Vertriebsumbau und Systemmigration Q4
LV-VORS,CH,bank,alle,2016,3.2,2.83,1.62,60.0,1.2,
LV-VORS,CH,bank,alle,2017,3.2,2.83,1.62,59.2,1.2,
LV-VORS,CH,bank,alle,2018,3.2,2.88,1.62,58.4,1.2,
LV-VORS,CH,bank,alle,2019,3.2,2.91,1.62,57.6,1.2,
LV-VORS,CH,bank,pfefferminz,2020,2.72,3.11,2.11,56.8,1.38,"Pandemiejahre: Uebersterblichkeit, mehr Beitragsfreistellungen"
LV-VORS,CH,bank,pfefferminz,2021,3.2,2.83,1.62,56.0,1.38,"Pandemiejahre: Uebersterblichkeit, mehr Beitragsfreistellungen"
LV-VORS,CH,bank,pfefferminz,2022,3.2,3.05,1.62,55.2,1.2,
LV-VORS,CH,bank,pfefferminz,2023,3.2,3.25,2.11,54.4,1.2,Zinsanstieg: Rueckkaeufe zugunsten anderer Anlagen
LV-VORS,CH,bank,pfefferminz,2024,3.2,2.97,1.62,53.6,1.2,
LV-VORS,CH,bank,pfefferminz,2025,3.2,3.96,1.62,52.8,1.2,Fusionseffekt: Rueckkaufwelle nach Vertriebsumbau und Systemmigration Q4
LV-VORS,DE,agentur,alle,2016,0.0,3.42,1.88,60.0,1.2,
LV-VORS,DE,agentur,alle,2017,0.0,3.42,1.88,59.2,1.2,
LV-VORS,DE,agentur,alle,2018,0.0,3.49,1.88,58.4,1.2,
LV-VORS,DE,agentur,alle,2019,0.0,3.52,1.88,57.6,1.2,
LV-VORS,DE,agentur,pfefferminz,2020,0.0,3.76,2.45,56.8,1.38,"Pandemiejahre: Uebersterblichkeit, mehr Beitragsfreistellungen"
LV-VORS,DE,agentur,pfefferminz,2021,0.0,3.42,1.88,56.0,1.38,"Pandemiejahre: Uebersterblichkeit, mehr Beitragsfreistellungen"
LV-VORS,DE,agentur,pfefferminz,2022,0.0,3.69,1.88,55.2,1.2,
LV-VORS,DE,agentur,pfefferminz,2023,0.0,3.93,2.45,54.4,1.2,Zinsanstieg: Rueckkaeufe zugunsten anderer Anlagen
LV-VORS,DE,agentur,pfefferminz,2024,0.0,3.59,1.88,53.6,1.2,
LV-VORS,DE,agentur,pfefferminz,2025,0.0,4.79,1.88,52.8,1.2,Fusionseffekt: Rueckkaufwelle nach Vertriebsumbau und Systemmigration Q4
LV-VORS,DE,makler,alle,2016,0.0,4.43,1.88,60.0,1.2,
LV-VORS,DE,makler,alle,2017,0.0,4.43,1.88,59.2,1.2,
LV-VORS,DE,makler,alle,2018,0.0,4.52,1.88,58.4,1.2,
LV-VORS,DE,makler,alle,2019,0.0,4.56,1.88,57.6,1.2,
LV-VORS,DE,makler,pfefferminz,2020,0.0,4.87,2.45,56.8,1.38,"Pandemiejahre: Uebersterblichkeit, mehr Beitragsfreistellungen"
LV-VORS,DE,makler,pfefferminz,2021,0.0,4.43,1.88,56.0,1.38,"Pandemiejahre: Uebersterblichkeit, mehr Beitragsfreistellungen"
LV-VORS,DE,makler,pfefferminz,2022,0.0,4.78,1.88,55.2,1.2,
LV-VORS,DE,makler,pfefferminz,2023,0.0,5.09,2.45,54.4,1.2,Zinsanstieg: Rueckkaeufe zugunsten anderer Anlagen
LV-VORS,DE,makler,pfefferminz,2024,0.0,4.65,1.88,53.6,1.2,
LV-VORS,DE,makler,pfefferminz,2025,0.0,6.2,1.88,52.8,1.2,Fusionseffekt: Rueckkaufwelle nach Vertriebsumbau und Systemmigration Q4
LV-VORS,DE,direkt,alle,2016,0.0,5.43,2.18,60.0,1.2,
LV-VORS,DE,direkt,alle,2017,0.0,5.43,2.18,59.2,1.2,
LV-VORS,DE,direkt,alle,2018,0.0,5.54,2.18,58.4,1.2,
LV-VORS,DE,direkt,alle,2019,0.0,5.6,2.18,57.6,1.2,
LV-VORS,DE,direkt,pfefferminz,2020,0.0,5.98,2.83,56.8,1.38,"Pandemiejahre: Uebersterblichkeit, mehr Beitragsfreistellungen"
LV-VORS,DE,direkt,pfefferminz,2021,0.0,5.43,2.18,56.0,1.38,"Pandemiejahre: Uebersterblichkeit, mehr Beitragsfreistellungen"
LV-VORS,DE,direkt,pfefferminz,2022,0.0,5.87,2.18,55.2,1.2,
LV-VORS,DE,direkt,pfefferminz,2023,0.0,6.25,2.83,54.4,1.2,Zinsanstieg: Rueckkaeufe zugunsten anderer Anlagen
LV-VORS,DE,direkt,pfefferminz,2024,0.0,5.71,2.18,53.6,1.2,
LV-VORS,DE,direkt,pfefferminz,2025,0.0,7.61,2.18,52.8,1.2,Fusionseffekt: Rueckkaufwelle nach Vertriebsumbau und Systemmigration Q4
LV-VORS,DE,bank,alle,2016,0.0,3.82,1.98,60.0,1.2,
LV-VORS,DE,bank,alle,2017,0.0,3.82,1.98,59.2,1.2,
LV-VORS,DE,bank,alle,2018,0.0,3.9,1.98,58.4,1.2,
LV-VORS,DE,bank,alle,2019,0.0,3.94,1.98,57.6,1.2,
LV-VORS,DE,bank,pfefferminz,2020,0.0,4.21,2.57,56.8,1.38,"Pandemiejahre: Uebersterblichkeit, mehr Beitragsfreistellungen"
LV-VORS,DE,bank,pfefferminz,2021,0.0,3.82,1.98,56.0,1.38,"Pandemiejahre: Uebersterblichkeit, mehr Beitragsfreistellungen"
LV-VORS,DE,bank,pfefferminz,2022,0.0,4.13,1.98,55.2,1.2,
LV-VORS,DE,bank,pfefferminz,2023,0.0,4.4,2.57,54.4,1.2,Zinsanstieg: Rueckkaeufe zugunsten anderer Anlagen
LV-VORS,DE,bank,pfefferminz,2024,0.0,4.01,1.98,53.6,1.2,
LV-VORS,DE,bank,pfefferminz,2025,0.0,5.35,1.98,52.8,1.2,Fusionseffekt: Rueckkaufwelle nach Vertriebsumbau und Systemmigration Q4
LV-RENTE,CH,agentur,alle,2016,6.0,1.81,1.28,62.0,0.6,
LV-RENTE,CH,agentur,alle,2017,6.0,1.81,1.28,61.2,0.6,
LV-RENTE,CH,agentur,alle,2018,6.0,1.84,1.28,60.4,0.6,
LV-RENTE,CH,agentur,alle,2019,6.0,1.86,1.28,59.6,0.6,
LV-RENTE,CH,agentur,pfefferminz,2020,5.1,1.99,1.67,58.8,0.69,"Pandemiejahre: Uebersterblichkeit, mehr Beitragsfreistellungen"
LV-RENTE,CH,agentur,pfefferminz,2021,6.0,1.81,1.28,58.0,0.69,"Pandemiejahre: Uebersterblichkeit, mehr Beitragsfreistellungen"
LV-RENTE,CH,agentur,pfefferminz,2022,6.0,1.95,1.28,57.2,0.6,
LV-RENTE,CH,agentur,pfefferminz,2023,6.0,2.08,1.67,56.4,0.6,Zinsanstieg: Rueckkaeufe zugunsten anderer Anlagen
LV-RENTE,CH,agentur,pfefferminz,2024,6.0,1.9,1.28,55.6,0.6,
LV-RENTE,CH,agentur,pfefferminz,2025,6.0,2.53,1.28,54.8,0.6,Fusionseffekt: Rueckkaufwelle nach Vertriebsumbau und Systemmigration Q4
LV-RENTE,CH,makler,alle,2016,6.6,2.34,1.28,62.0,0.6,
LV-RENTE,CH,makler,alle,2017,6.6,2.34,1.28,61.2,0.6,
LV-RENTE,CH,makler,alle,2018,6.6,2.38,1.28,60.4,0.6,
LV-RENTE,CH,makler,alle,2019,6.6,2.41,1.28,59.6,0.6,
LV-RENTE,CH,makler,pfefferminz,2020,5.61,2.57,1.67,58.8,0.69,"Pandemiejahre: Uebersterblichkeit, mehr Beitragsfreistellungen"
LV-RENTE,CH,makler,pfefferminz,2021,6.6,2.34,1.28,58.0,0.69,"Pandemiejahre: Uebersterblichkeit, mehr Beitragsfreistellungen"
LV-RENTE,CH,makler,pfefferminz,2022,6.6,2.52,1.28,57.2,0.6,
LV-RENTE,CH,makler,pfefferminz,2023,6.6,2.69,1.67,56.4,0.6,Zinsanstieg: Rueckkaeufe zugunsten anderer Anlagen
LV-RENTE,CH,makler,pfefferminz,2024,6.6,2.45,1.28,55.6,0.6,
LV-RENTE,CH,makler,pfefferminz,2025,6.6,3.27,1.28,54.8,0.6,Fusionseffekt: Rueckkaufwelle nach Vertriebsumbau und Systemmigration Q4
LV-RENTE,CH,direkt,alle,2016,8.4,2.87,1.49,62.0,0.6,
LV-RENTE,CH,direkt,alle,2017,8.4,2.87,1.49,61.2,0.6,
LV-RENTE,CH,direkt,alle,2018,8.4,2.93,1.49,60.4,0.6,
LV-RENTE,CH,direkt,alle,2019,8.4,2.95,1.49,59.6,0.6,
LV-RENTE,CH,direkt,pfefferminz,2020,7.14,3.16,1.93,58.8,0.69,"Pandemiejahre: Uebersterblichkeit, mehr Beitragsfreistellungen"
LV-RENTE,CH,direkt,pfefferminz,2021,8.4,2.87,1.49,58.0,0.69,"Pandemiejahre: Uebersterblichkeit, mehr Beitragsfreistellungen"
LV-RENTE,CH,direkt,pfefferminz,2022,8.4,3.1,1.49,57.2,0.6,
LV-RENTE,CH,direkt,pfefferminz,2023,8.4,3.3,1.93,56.4,0.6,Zinsanstieg: Rueckkaeufe zugunsten anderer Anlagen
LV-RENTE,CH,direkt,pfefferminz,2024,8.4,3.01,1.49,55.6,0.6,
LV-RENTE,CH,direkt,pfefferminz,2025,8.4,4.02,1.49,54.8,0.6,Fusionseffekt: Rueckkaufwelle nach Vertriebsumbau und Systemmigration Q4
LV-RENTE,CH,bank,alle,2016,4.8,2.02,1.35,62.0,0.6,
LV-RENTE,CH,bank,alle,2017,4.8,2.02,1.35,61.2,0.6,
LV-RENTE,CH,bank,alle,2018,4.8,2.06,1.35,60.4,0.6,
LV-RENTE,CH,bank,alle,2019,4.8,2.08,1.35,59.6,0.6,
LV-RENTE,CH,bank,pfefferminz,2020,4.08,2.22,1.76,58.8,0.69,"Pandemiejahre: Uebersterblichkeit, mehr Beitragsfreistellungen"
LV-RENTE,CH,bank,pfefferminz,2021,4.8,2.02,1.35,58.0,0.69,"Pandemiejahre: Uebersterblichkeit, mehr Beitragsfreistellungen"
LV-RENTE,CH,bank,pfefferminz,2022,4.8,2.18,1.35,57.2,0.6,
LV-RENTE,CH,bank,pfefferminz,2023,4.8,2.32,1.76,56.4,0.6,Zinsanstieg: Rueckkaeufe zugunsten anderer Anlagen
LV-RENTE,CH,bank,pfefferminz,2024,4.8,2.12,1.35,55.6,0.6,
LV-RENTE,CH,bank,pfefferminz,2025,4.8,2.83,1.35,54.8,0.6,Fusionseffekt: Rueckkaufwelle nach Vertriebsumbau und Systemmigration Q4
LV-RENTE,DE,agentur,alle,2016,6.0,2.44,1.57,62.0,0.6,
LV-RENTE,DE,agentur,alle,2017,6.0,2.44,1.57,61.2,0.6,
LV-RENTE,DE,agentur,alle,2018,6.0,2.49,1.57,60.4,0.6,
LV-RENTE,DE,agentur,alle,2019,6.0,2.52,1.57,59.6,0.6,
LV-RENTE,DE,agentur,pfefferminz,2020,5.1,2.69,2.04,58.8,0.69,"Pandemiejahre: Uebersterblichkeit, mehr Beitragsfreistellungen"
LV-RENTE,DE,agentur,pfefferminz,2021,6.0,2.44,1.57,58.0,0.69,"Pandemiejahre: Uebersterblichkeit, mehr Beitragsfreistellungen"
LV-RENTE,DE,agentur,pfefferminz,2022,6.0,2.64,1.57,57.2,0.6,
LV-RENTE,DE,agentur,pfefferminz,2023,6.0,2.81,2.04,56.4,0.6,Zinsanstieg: Rueckkaeufe zugunsten anderer Anlagen
LV-RENTE,DE,agentur,pfefferminz,2024,6.0,2.57,1.57,55.6,0.6,
LV-RENTE,DE,agentur,pfefferminz,2025,6.0,3.42,1.57,54.8,0.6,Fusionseffekt: Rueckkaufwelle nach Vertriebsumbau und Systemmigration Q4
LV-RENTE,DE,makler,alle,2016,6.6,3.16,1.57,62.0,0.6,
LV-RENTE,DE,makler,alle,2017,6.6,3.16,1.57,61.2,0.6,
LV-RENTE,DE,makler,alle,2018,6.6,3.23,1.57,60.4,0.6,
LV-RENTE,DE,makler,alle,2019,6.6,3.26,1.57,59.6,0.6,
LV-RENTE,DE,makler,pfefferminz,2020,5.61,3.48,2.04,58.8,0.69,"Pandemiejahre: Uebersterblichkeit, mehr Beitragsfreistellungen"
LV-RENTE,DE,makler,pfefferminz,2021,6.6,3.16,1.57,58.0,0.69,"Pandemiejahre: Uebersterblichkeit, mehr Beitragsfreistellungen"
LV-RENTE,DE,makler,pfefferminz,2022,6.6,3.42,1.57,57.2,0.6,
LV-RENTE,DE,makler,pfefferminz,2023,6.6,3.64,2.04,56.4,0.6,Zinsanstieg: Rueckkaeufe zugunsten anderer Anlagen
LV-RENTE,DE,makler,pfefferminz,2024,6.6,3.32,1.57,55.6,0.6,
LV-RENTE,DE,makler,pfefferminz,2025,6.6,4.43,1.57,54.8,0.6,Fusionseffekt: Rueckkaufwelle nach Vertriebsumbau und Systemmigration Q4
LV-RENTE,DE,direkt,alle,2016,8.4,3.88,1.82,62.0,0.6,
LV-RENTE,DE,direkt,alle,2017,8.4,3.88,1.82,61.2,0.6,
LV-RENTE,DE,direkt,alle,2018,8.4,3.96,1.82,60.4,0.6,
LV-RENTE,DE,direkt,alle,2019,8.4,4.0,1.82,59.6,0.6,
LV-RENTE,DE,direkt,pfefferminz,2020,7.14,4.27,2.36,58.8,0.69,"Pandemiejahre: Uebersterblichkeit, mehr Beitragsfreistellungen"
LV-RENTE,DE,direkt,pfefferminz,2021,8.4,3.88,1.82,58.0,0.69,"Pandemiejahre: Uebersterblichkeit, mehr Beitragsfreistellungen"
LV-RENTE,DE,direkt,pfefferminz,2022,8.4,4.19,1.82,57.2,0.6,
LV-RENTE,DE,direkt,pfefferminz,2023,8.4,4.46,2.36,56.4,0.6,Zinsanstieg: Rueckkaeufe zugunsten anderer Anlagen
LV-RENTE,DE,direkt,pfefferminz,2024,8.4,4.08,1.82,55.6,0.6,
LV-RENTE,DE,direkt,pfefferminz,2025,8.4,5.43,1.82,54.8,0.6,Fusionseffekt: Rueckkaufwelle nach Vertriebsumbau und Systemmigration Q4
LV-RENTE,DE,bank,alle,2016,4.8,2.73,1.65,62.0,0.6,
LV-RENTE,DE,bank,alle,2017,4.8,2.73,1.65,61.2,0.6,
LV-RENTE,DE,bank,alle,2018,4.8,2.79,1.65,60.4,0.6,
LV-RENTE,DE,bank,alle,2019,4.8,2.81,1.65,59.6,0.6,
LV-RENTE,DE,bank,pfefferminz,2020,4.08,3.0,2.15,58.8,0.69,"Pandemiejahre: Uebersterblichkeit, mehr Beitragsfreistellungen"
LV-RENTE,DE,bank,pfefferminz,2021,4.8,2.73,1.65,58.0,0.69,"Pandemiejahre: Uebersterblichkeit, mehr Beitragsfreistellungen"
LV-RENTE,DE,bank,pfefferminz,2022,4.8,2.95,1.65,57.2,0.6,
LV-RENTE,DE,bank,pfefferminz,2023,4.8,3.14,2.15,56.4,0.6,Zinsanstieg: Rueckkaeufe zugunsten anderer Anlagen
LV-RENTE,DE,bank,pfefferminz,2024,4.8,2.87,1.65,55.6,0.6,
LV-RENTE,DE,bank,pfefferminz,2025,4.8,3.82,1.65,54.8,0.6,Fusionseffekt: Rueckkaufwelle nach Vertriebsumbau und Systemmigration Q4
LV-EU,CH,agentur,alle,2016,5.0,2.89,0.85,55.0,0.35,
LV-EU,CH,agentur,alle,2017,5.0,2.89,0.85,54.2,0.35,
LV-EU,CH,agentur,alle,2018,5.0,2.95,0.85,53.4,0.35,
LV-EU,CH,agentur,alle,2019,5.0,2.98,0.85,52.6,0.35,
LV-EU,CH,agentur,pfefferminz,2020,4.25,3.18,1.11,51.8,0.4,"Pandemiejahre: Uebersterblichkeit, mehr Beitragsfreistellungen"
LV-EU,CH,agentur,pfefferminz,2021,5.0,2.89,0.85,51.0,0.4,"Pandemiejahre: Uebersterblichkeit, mehr Beitragsfreistellungen"
LV-EU,CH,agentur,pfefferminz,2022,5.0,3.12,0.85,50.2,0.35,
LV-EU,CH,agentur,pfefferminz,2023,5.0,3.32,1.11,49.4,0.35,Zinsanstieg: Rueckkaeufe zugunsten anderer Anlagen
LV-EU,CH,agentur,pfefferminz,2024,5.0,3.03,0.85,48.6,0.35,
LV-EU,CH,agentur,pfefferminz,2025,5.0,4.05,0.85,47.8,0.35,Fusionseffekt: Rueckkaufwelle nach Vertriebsumbau und Systemmigration Q4
LV-EU,CH,makler,alle,2016,5.5,3.74,0.85,55.0,0.35,
LV-EU,CH,makler,alle,2017,5.5,3.74,0.85,54.2,0.35,
LV-EU,CH,makler,alle,2018,5.5,3.81,0.85,53.4,0.35,
LV-EU,CH,makler,alle,2019,5.5,3.85,0.85,52.6,0.35,
LV-EU,CH,makler,pfefferminz,2020,4.67,4.11,1.11,51.8,0.4,"Pandemiejahre: Uebersterblichkeit, mehr Beitragsfreistellungen"
LV-EU,CH,makler,pfefferminz,2021,5.5,3.74,0.85,51.0,0.4,"Pandemiejahre: Uebersterblichkeit, mehr Beitragsfreistellungen"
LV-EU,CH,makler,pfefferminz,2022,5.5,4.04,0.85,50.2,0.35,
LV-EU,CH,makler,pfefferminz,2023,5.5,4.3,1.11,49.4,0.35,Zinsanstieg: Rueckkaeufe zugunsten anderer Anlagen
LV-EU,CH,makler,pfefferminz,2024,5.5,3.93,0.85,48.6,0.35,
LV-EU,CH,makler,pfefferminz,2025,5.5,5.24,0.85,47.8,0.35,Fusionseffekt: Rueckkaufwelle nach Vertriebsumbau und Systemmigration Q4
LV-EU,CH,direkt,alle,2016,7.0,4.59,0.99,55.0,0.35,
LV-EU,CH,direkt,alle,2017,7.0,4.59,0.99,54.2,0.35,
LV-EU,CH,direkt,alle,2018,7.0,4.68,0.99,53.4,0.35,
LV-EU,CH,direkt,alle,2019,7.0,4.73,0.99,52.6,0.35,
LV-EU,CH,direkt,pfefferminz,2020,5.95,5.05,1.29,51.8,0.4,"Pandemiejahre: Uebersterblichkeit, mehr Beitragsfreistellungen"
LV-EU,CH,direkt,minzia,2020,10.71,6.06,1.29,43.8,0.4,"Pandemiejahre: Uebersterblichkeit, mehr Beitragsfreistellungen"
LV-EU,CH,direkt,pfefferminz,2021,7.0,4.59,0.99,51.0,0.4,"Pandemiejahre: Uebersterblichkeit, mehr Beitragsfreistellungen"
LV-EU,CH,direkt,minzia,2021,12.6,5.51,0.99,43.0,0.4,"Pandemiejahre: Uebersterblichkeit, mehr Beitragsfreistellungen"
LV-EU,CH,direkt,pfefferminz,2022,7.0,4.96,0.99,50.2,0.35,
LV-EU,CH,direkt,minzia,2022,12.6,5.95,0.99,42.2,0.35,
LV-EU,CH,direkt,pfefferminz,2023,7.0,5.28,1.29,49.4,0.35,Zinsanstieg: Rueckkaeufe zugunsten anderer Anlagen
LV-EU,CH,direkt,minzia,2023,12.6,6.33,1.29,41.4,0.35,Zinsanstieg: Rueckkaeufe zugunsten anderer Anlagen
LV-EU,CH,direkt,pfefferminz,2024,7.0,4.82,0.99,48.6,0.35,
LV-EU,CH,direkt,minzia,2024,12.6,5.78,0.99,40.6,0.35,
LV-EU,CH,direkt,pfefferminz,2025,7.0,6.43,0.99,47.8,0.35,Fusionseffekt: Rueckkaufwelle nach Vertriebsumbau und Systemmigration Q4
LV-EU,CH,direkt,minzia,2025,12.6,6.17,0.99,39.8,0.35,
LV-EU,CH,bank,alle,2016,4.0,3.23,0.9,55.0,0.35,
LV-EU,CH,bank,alle,2017,4.0,3.23,0.9,54.2,0.35,
LV-EU,CH,bank,alle,2018,4.0,3.29,0.9,53.4,0.35,
LV-EU,CH,bank,alle,2019,4.0,3.33,0.9,52.6,0.35,
LV-EU,CH,bank,pfefferminz,2020,3.4,3.55,1.17,51.8,0.4,"Pandemiejahre: Uebersterblichkeit, mehr Beitragsfreistellungen"
LV-EU,CH,bank,pfefferminz,2021,4.0,3.23,0.9,51.0,0.4,"Pandemiejahre: Uebersterblichkeit, mehr Beitragsfreistellungen"
LV-EU,CH,bank,pfefferminz,2022,4.0,3.49,0.9,50.2,0.35,
LV-EU,CH,bank,pfefferminz,2023,4.0,3.71,1.17,49.4,0.35,Zinsanstieg: Rueckkaeufe zugunsten anderer Anlagen
LV-EU,CH,bank,pfefferminz,2024,4.0,3.39,0.9,48.6,0.35,
LV-EU,CH,bank,pfefferminz,2025,4.0,4.52,0.9,47.8,0.35,Fusionseffekt: Rueckkaufwelle nach Vertriebsumbau und Systemmigration Q4
LV-EU,DE,agentur,alle,2016,5.0,3.91,1.04,55.0,0.35,
LV-EU,DE,agentur,alle,2017,5.0,3.91,1.04,54.2,0.35,
LV-EU,DE,agentur,alle,2018,5.0,3.99,1.04,53.4,0.35,
LV-EU,DE,agentur,alle,2019,5.0,4.03,1.04,52.6,0.35,
LV-EU,DE,agentur,pfefferminz,2020,4.25,4.3,1.36,51.8,0.4,"Pandemiejahre: Uebersterblichkeit, mehr Beitragsfreistellungen"
LV-EU,DE,agentur,pfefferminz,2021,5.0,3.91,1.04,51.0,0.4,"Pandemiejahre: Uebersterblichkeit, mehr Beitragsfreistellungen"
LV-EU,DE,agentur,pfefferminz,2022,5.0,4.22,1.04,50.2,0.35,
LV-EU,DE,agentur,pfefferminz,2023,5.0,4.5,1.36,49.4,0.35,Zinsanstieg: Rueckkaeufe zugunsten anderer Anlagen
LV-EU,DE,agentur,pfefferminz,2024,5.0,4.11,1.04,48.6,0.35,
LV-EU,DE,agentur,pfefferminz,2025,5.0,5.47,1.04,47.8,0.35,Fusionseffekt: Rueckkaufwelle nach Vertriebsumbau und Systemmigration Q4
LV-EU,DE,makler,alle,2016,5.5,5.06,1.04,55.0,0.35,
LV-EU,DE,makler,alle,2017,5.5,5.06,1.04,54.2,0.35,
LV-EU,DE,makler,alle,2018,5.5,5.16,1.04,53.4,0.35,
LV-EU,DE,makler,alle,2019,5.5,5.21,1.04,52.6,0.35,
LV-EU,DE,makler,pfefferminz,2020,4.67,5.57,1.36,51.8,0.4,"Pandemiejahre: Uebersterblichkeit, mehr Beitragsfreistellungen"
LV-EU,DE,makler,pfefferminz,2021,5.5,5.06,1.04,51.0,0.4,"Pandemiejahre: Uebersterblichkeit, mehr Beitragsfreistellungen"
LV-EU,DE,makler,pfefferminz,2022,5.5,5.46,1.04,50.2,0.35,
LV-EU,DE,makler,pfefferminz,2023,5.5,5.82,1.36,49.4,0.35,Zinsanstieg: Rueckkaeufe zugunsten anderer Anlagen
LV-EU,DE,makler,pfefferminz,2024,5.5,5.31,1.04,48.6,0.35,
LV-EU,DE,makler,pfefferminz,2025,5.5,7.08,1.04,47.8,0.35,Fusionseffekt: Rueckkaufwelle nach Vertriebsumbau und Systemmigration Q4
LV-EU,DE,direkt,alle,2016,7.0,6.21,1.21,55.0,0.35,
LV-EU,DE,direkt,alle,2017,7.0,6.21,1.21,54.2,0.35,
LV-EU,DE,direkt,alle,2018,7.0,6.33,1.21,53.4,0.35,
LV-EU,DE,direkt,alle,2019,7.0,6.4,1.21,52.6,0.35,
LV-EU,DE,direkt,pfefferminz,2020,5.95,6.83,1.57,51.8,0.4,"Pandemiejahre: Uebersterblichkeit, mehr Beitragsfreistellungen"
LV-EU,DE,direkt,minzia,2020,10.71,8.2,1.57,43.8,0.4,"Pandemiejahre: Uebersterblichkeit, mehr Beitragsfreistellungen"
LV-EU,DE,direkt,pfefferminz,2021,7.0,6.21,1.21,51.0,0.4,"Pandemiejahre: Uebersterblichkeit, mehr Beitragsfreistellungen"
LV-EU,DE,direkt,minzia,2021,12.6,7.45,1.21,43.0,0.4,"Pandemiejahre: Uebersterblichkeit, mehr Beitragsfreistellungen"
LV-EU,DE,direkt,pfefferminz,2022,7.0,6.71,1.21,50.2,0.35,
LV-EU,DE,direkt,minzia,2022,12.6,8.05,1.21,42.2,0.35,
LV-EU,DE,direkt,pfefferminz,2023,7.0,7.14,1.57,49.4,0.35,Zinsanstieg: Rueckkaeufe zugunsten anderer Anlagen
LV-EU,DE,direkt,minzia,2023,12.6,8.57,1.57,41.4,0.35,Zinsanstieg: Rueckkaeufe zugunsten anderer Anlagen
LV-EU,DE,direkt,pfefferminz,2024,7.0,6.52,1.21,48.6,0.35,
LV-EU,DE,direkt,minzia,2024,12.6,7.82,1.21,40.6,0.35,
LV-EU,DE,direkt,pfefferminz,2025,7.0,8.69,1.21,47.8,0.35,Fusionseffekt: Rueckkaufwelle nach Vertriebsumbau und Systemmigration Q4
LV-EU,DE,direkt,minzia,2025,12.6,8.35,1.21,39.8,0.35,
LV-EU,DE,bank,alle,2016,4.0,4.37,1.1,55.0,0.35,
LV-EU,DE,bank,alle,2017,4.0,4.37,1.1,54.2,0.35,
LV-EU,DE,bank,alle,2018,4.0,4.46,1.1,53.4,0.35,
LV-EU,DE,bank,alle,2019,4.0,4.5,1.1,52.6,0.35,
LV-EU,DE,bank,pfefferminz,2020,3.4,4.81,1.43,51.8,0.4,"Pandemiejahre: Uebersterblichkeit, mehr Beitragsfreistellungen"
LV-EU,DE,bank,pfefferminz,2021,4.0,4.37,1.1,51.0,0.4,"Pandemiejahre: Uebersterblichkeit, mehr Beitragsfreistellungen"
LV-EU,DE,bank,pfefferminz,2022,4.0,4.72,1.1,50.2,0.35,
LV-EU,DE,bank,pfefferminz,2023,4.0,5.03,1.43,49.4,0.35,Zinsanstieg: Rueckkaeufe zugunsten anderer Anlagen
LV-EU,DE,bank,pfefferminz,2024,4.0,4.59,1.1,48.6,0.35,
LV-EU,DE,bank,pfefferminz,2025,4.0,6.12,1.1,47.8,0.35,Fusionseffekt: Rueckkaufwelle nach Vertriebsumbau und Systemmigration Q4
