VERTRNR;PARTNR;SPARTE;TARIF;BEGDAT;ENDDAT;PRAEM;ZAHLWS;STATUS;STORNOGRD;STORNODAT;LANDKZ;VERMNR;VERMNR_ALT;SUMME;ZUSATZ1;ZUSATZ2;AENDDAT;BEMERK
40.000.001-3;20000001;10;PFM-M;01.03.16;;16800;4;S;ZZ;15.05.25;756;41309;12814;1000000000;;;15.05.25;PRAEMIE LT. NACHTRAG 01
40.000.002-9;20000002;20;PFM-M;01.01.16;;485100;1;S;ZZ;15.05.25;756;29923;10517;1000000000;;PRO/UMW;15.05.25;
40.000.003-7;20000003;20;PFM-M;01.01.14;;633142;1;S;ZZ;15.05.25;276;56243;61182;500000000;;PRO;15.05.25;
40.000.004-5;20000004;10;PFM-K;01.01.01;;12460;1;S;ZZ;15.05.25;756;70360;55115;500000000;HUND;;15.05.25;
40.000.005-0;20000005;10;PFM-M;01.01.13;;13140;4;S;ZZ;15.05.25;276;73158;33360;500000000;hund;GEB/SCH;15.05.25;
40.000.006-1;20000008;10;MZD;15.05.23;;6360;1;S;ZZ;15.05.25;276;98657;95795;500000000;;;15.05.25;
40.000.007-6;20000408;10;PFM-M;01.11.17;;11622;1;S;01;01.09.18;276;98657;95795;1000000000;HUND;;01.09.18;
40.000.008-4;20000220;10;PFM-M;01.03.15;;10894;1;S;01;01.08.24;756;86847;14447;500000000;;;01.08.24;
40.000.009-2;20000225;10;PFM-M;01.05.13;;9707;1;S;ZZ;15.05.25;756;98920;42571;500000000;;;15.05.25;
40.000.010-0;20000014;10;PFM-M;01.02.15;;10449;2;S;01;01.11.19;276;56243;61182;500000000;HUND;;01.11.19;
40.000.011-1;20000261;10;PFM-M;01.03.17;;8554;2;S;ZZ;15.05.25;276;87406;65215;500000000;;;15.05.25;BAUSTEIN HUND NACHGEMELDET
40.000.012-6;20000172;10;PFM-M;01.01.18;;10190;1;S;ZZ;15.05.25;756;91438;73494;1000000000;;;15.05.25;
40.000.013-4;20000469;10;PFM-M;01.04.16;;23536;2;S;ZZ;15.05.25;756;86847;14447;500000000;;GEB;15.05.25;
40.000.014-2;20000572;10;PFM-M;01.07.18;;15325;4;S;ZZ;15.05.25;756;46014;68292;500000000;;;15.05.25;
40.000.015-8;20000158;10;PFM-M;01.10.19;;17934;1;S;ZZ;15.05.25;756;41148;22405;1000000000;HUND;;15.05.25;
40.000.016-3;20000131;10;PFM-M;01.04.13;;15604;1;S;ZZ;15.05.25;276;54269;;1000000000;HUND 2X;;15.05.25;
40.000.017-9;20000093;10;PFM-M;01.06.17;;6729;1;S;ZZ;15.05.25;276;22358;66572;500000000;;;15.05.25;
40.000.018-7;20000118;10;PFM-M;01.10.20;;15477;1;S;ZZ;15.05.25;756;48269;69787;500000000;;;15.05.25;
40.000.019-5;20000144;10;PFM-M;01.12.17;;5355;1;S;ZZ;15.05.25;276;56243;61182;500000000;;;15.05.25;VN TEL. ANGEFR., RR BIS 15.3.
40.000.020-5;20000407;10;PFM-K;01.03.12;;4566;1;S;05;01.08.13;276;55467;81339;500000000;;;01.08.13;
40.000.021-0;20000560;10;PFM-M;01.07.17;;32119;1;S;ZZ;15.05.25;756;57109;52547;1000000000;;TIE;15.05.25;
40.000.022-1;20000082;10;PFM-M;01.08.16;;9408;1;S;ZZ;15.05.25;756;86847;14447;500000000;;;15.05.25;
40.000.023-6;20000251;10;PFM-M;01.10.16;;14112;1;S;01;01.09.22;756;86847;14447;500000000;;;01.09.22;
40.000.024-4;20000234;10;PFM-M;01.11.15;;7720;2;S;01;01.02.20;276;22358;66572;500000000;;;01.02.20;
40.000.025-2;20000483;10;PFM-M;01.03.17;;19730;2;S;01;01.02.19;756;18636;66177;1000000000;HUND;;01.02.19;ADRESSAENDERUNG 01/23
40.000.026-8;20000221;10;PFM-M;01.03.18;;15212;2;S;01;01.04.23;276;55467;81339;500000000;HUND;KIN;01.04.23;
40.000.027-3;20000505;10;PFM-K;01.08.07;;16433;1;S;ZZ;15.05.25;756;70360;55115;300000000;;;15.05.25;
40.000.028-9;20000439;10;PFM-M;01.01.14;;9408;1;S;01;01.08.19;756;10517;;500000000;;;01.08.19;
40.000.029-7;20000152;10;PFM-M;01.11.16;;11986;1;S;ZZ;15.05.25;756;23684;93309;1000000000;;;15.05.25;KUENDIGUNG ERHALTEN, FRIST PRUEFEN
40.000.030-2;20000315;10;PFM-M;01.01.16;;21446;1;S;ZZ;15.05.25;756;57109;52547;500000000;;GEB;15.05.25;
40.000.031-8;20000138;10;PFM-M;01.08.17;;9674;1;S;ZZ;15.05.25;276;98657;95795;2000000000;;GEB;15.05.25;
40.000.032-3;20000051;10;PFM-M;01.05.16;;8400;1;S;ZZ;15.05.25;756;41148;22405;500000000;;;15.05.25;SANIERUNG UW
40.000.033-9;20000443;10;PFM-M;01.08.15;;14038;1;S;ZZ;15.05.25;756;57109;52547;500000000;;;15.05.25;
40.000.034-7;20000478;10;PFM-M;01.05.16;;13455;1;S;ZZ;15.05.25;276;98657;95795;1000000000;HUND;;15.05.25;SANIERUNG UW
40.000.035-5;20000343;10;PFM-M;01.05.16;;14815;1;S;01;01.06.17;756;91438;73494;500000000;hund;;01.06.17;
40.000.036-0;20000137;10;PFM-M;01.05.16;;10946;1;S;ZZ;15.05.25;756;46014;68292;500000000;;;15.05.25;
40.000.037-1;20000102;10;PFM-M;01.03.14;;11419;1;S;02;01.08.17;276;89761;54269;2000000000;;AUS;01.08.17;
40.000.038-6;20000211;10;PFM-M;01.10.19;;13360;1;S;ZZ;15.05.25;756;41148;22405;1000000000;;;15.05.25;
40.000.039-4;20000288;10;PFM-M;01.09.14;;18896;2;S;05;01.10.19;276;89761;54269;2000000000;HUND;OEL/AUS;01.10.19;
40.000.040-3;20000139;10;PFM-M;01.12.20;;14815;4;S;ZZ;15.05.25;756;70360;55115;500000000;;;15.05.25;
40.000.041-9;20000490;10;PFM-M;01.10.18;;16842;2;S;01;01.10.23;756;86847;14447;500000000;;;01.10.23;
40.000.042-7;20000025;10;PFM-M;01.07.17;;22638;1;S;ZZ;15.05.25;756;86847;14447;500000000;;GEB;15.05.25;
40.000.043-5;20000452;10;PFM-K;01.02.12;;9290;1;S;ZZ;15.05.25;756;86847;14447;500000000;;;15.05.25;
40.000.044-0;20000424;10;PFM-M;01.06.17;;9849;1;S;ZZ;15.05.25;756;86847;14447;500000000;;;15.05.25;
40.000.045-1;20000397;10;PFM-M;01.10.13;;12842;4;S;01;01.11.23;756;23684;93309;500000000;;SCH;01.11.23;PRAEMIE LT. NACHTRAG 01
40.000.046-6;20000179;10;PFM-M;01.02.15;;16931;1;S;ZZ;15.05.25;756;86847;14447;500000000;;;15.05.25;
40.000.047-4;20000170;10;PFM-K;01.02.11;;14448;1;S;01;01.02.13;756;26180;86233;500000000;;;01.02.13;
40.000.048-2;20000406;10;PFM-K;01.11.11;;4709;1;S;02;01.04.18;276;56243;61182;500000000;;;01.04.18;
40.000.049-8;20000398;10;PFM-M;01.01.20;;17934;1;S;ZZ;15.05.25;756;86847;14447;500000000;;GEB;15.05.25;
40.000.050-7;20000515;10;PFM-M;01.06.20;;8915;1;S;ZZ;15.05.25;756;86847;14447;500000000;;;15.05.25;
40.000.051-5;20000561;10;PFM-M;01.10.20;;9867;1;S;ZZ;15.05.25;276;93662;80193;500000000;HUND;KIN;15.05.25;
40.000.052-0;20000134;10;PFM-M;01.05.18;;17981;2;S;ZZ;15.05.25;756;57109;52547;1000000000;;;15.05.25;
40.000.053-1;20000304;10;PFM-M;01.03.15;;22798;1;S;ZZ;15.05.25;756;98920;42571;500000000;;GEB;15.05.25;
40.000.054-6;20000128;10;PFM-M;01.07.17;;6466;1;S;01;01.08.19;276;98657;95795;2000000000;;AUS;01.08.19;ADRESSAENDERUNG 01/23
40.000.055-4;20000175;10;PFM-K;01.03.05;;6176;1;S;01;01.12.10;276;56243;61182;500000000;;;01.12.10;
40.000.056-2;20000356;10;PFM-M;01.08.14;;9438;1;S;01;01.07.24;276;22358;66572;2000000000;;AUS/KIN;01.07.24;
40.000.057-8;20000131;10;PFM-M;01.10.13;;16840;1;S;ZZ;15.05.25;276;76433;64344;500000000;HUND 2X;SCH/KIN;15.05.25;
40.000.058-3;20000169;10;PFM-M;01.11.15;;5379;2;S;01;01.11.16;276;56243;61182;2000000000;;;01.11.16;
40.000.059-9;20000276;10;PFM-M;01.04.14;;8034;1;S;05;01.03.18;276;55467;81339;500000000;;;01.03.18;
40.000.060-6;20000248;10;PFM-M;01.11.19;;9960;1;S;ZZ;15.05.25;276;56243;61182;1000000000;;AUS;15.05.25;
40.000.061-4;20000449;10;PFM-M;01.08.14;;7756;1;S;01;01.05.19;276;89761;54269;1000000000;;AUS;01.05.19;
40.000.062-2;20000145;10;PFM-M;01.11.16;;9303;1;S;01;01.06.20;756;98920;42571;500000000;;;01.06.20;SANIERUNG UW
40.000.063-8;20000391;10;PFM-M;01.03.15;;16522;1;S;ZZ;15.05.25;756;29923;10517;500000000;;GEB;15.05.25;
40.000.064-3;20000291;10;PFM-M;01.04.17;;6740;4;S;02;01.08.20;276;83646;29364;1000000000;;KIN;01.08.20;
40.000.065-9;20000282;10;PFM-M;01.07.14;;15635;1;S;01;01.03.19;756;23684;93309;500000000;;;01.03.19;
40.000.066-7;20000409;10;PFM-M;01.07.15;;14851;1;S;01;01.05.19;276;22358;66572;1000000000;;GEB/AUS/SC;01.05.19;
40.000.067-5;20000151;10;PFM-M;01.01.17;;13760;1;S;05;02.07.24;756;91438;73494;500000000;;;02.07.24;
40.000.068-0;20000459;10;PFM-M;01.04.18;;11960;1;S;01;01.06.19;756;98920;42571;1000000000;;;01.06.19;
40.000.069-1;20000067;10;PFM-K;01.05.01;;4563;1;S;01;01.12.04;276;22358;66572;500000000;;;01.12.04;
40.000.070-9;20000053;10;PFM-M;01.06.15;;11372;1;S;01;01.02.24;756;98920;42571;500000000;;SCH;01.02.24;
40.000.071-7;20000416;10;PFM-K;01.11.11;;8689;2;S;ZZ;15.05.25;756;18636;66177;500000000;;;15.05.25;
40.000.072-5;20000301;10;PFM-M;01.01.14;;14852;2;S;ZZ;15.05.25;756;41148;22405;500000000;;;15.05.25;
40.000.073-0;20000060;10;PFM-M;01.03.20;;14070;2;S;ZZ;15.05.25;756;23684;93309;500000000;HUND;;15.05.25;
40.000.074-1;20000022;10;PFM-M;01.04.20;;11387;2;S;ZZ;15.05.25;756;86847;14447;1000000000;;;15.05.25;
40.000.075-6;20000052;10;PFM-M;01.09.20;;8400;12;S;ZZ;15.05.25;756;86847;14447;500000000;;;15.05.25;
40.000.076-4;20000177;10;PFM-M;01.07.15;;8362;1;S;01;01.01.21;276;98657;95795;2000000000;;AUS/KIN;01.01.21;
40.000.077-2;20000076;10;PFM-M;01.05.14;;21756;1;S;ZZ;15.05.25;756;86847;14447;1000000000;;;15.05.25;DECKUNG RUHT
40.000.078-8;20000507;10;PFM-M;01.11.14;;9707;4;S;ZZ;15.05.25;756;29923;10517;500000000;;;15.05.25;
40.000.079-3;20000312;10;PFM-M;01.04.16;;6584;1;S;ZZ;15.05.25;276;93662;80193;1000000000;;;15.05.25;
40.000.080-1;20000197;10;PFM-M;01.05.16;;12584;1;S;ZZ;15.05.25;756;98920;42571;1000000000;;SCH;15.05.25;
40.000.081-6;20000515;10;PFM-K;01.03.06;;8400;1;S;01;01.09.11;756;86847;14447;500000000;;;01.09.11;
40.000.082-4;20000445;10;PFM-K;01.02.12;;5580;2;S;01;01.10.14;276;93662;80193;500000000;;;01.10.14;
40.000.083-2;20000451;10;PFM-M;01.02.19;;11030;2;S;ZZ;15.05.25;276;16071;54431;2000000000;hund;;15.05.25;
40.000.084-8;20000254;10;PFM-M;01.05.20;;12585;1;S;02;01.11.22;276;76433;64344;500000000;;GEB;01.11.22;
40.000.085-3;20000229;10;PFM-K;01.01.02;;6620;1;S;01;01.10.05;276;93662;80193;500000000;;;01.10.05;KUENDIGUNG ERHALTEN, FRIST PRUEFEN
40.000.086-9;20000146;10;PFM-M;01.03.17;;13137;1;S;01;01.07.23;756;26180;86233;500000000;;;01.07.23;
40.000.087-7;20000330;10;PFM-M;01.07.15;;9382;1;S;01;01.06.24;756;41309;12814;500000000;;BAU;01.06.24;
40.000.088-5;20000083;10;PFM-K;01.01.09;;7441;4;S;01;01.02.17;276;69141;22978;500000000;;;01.02.17;
40.000.089-0;20000508;10;PFM-M;01.02.14;;22113;2;S;01;01.02.17;756;70360;55115;500000000;;GEB;01.02.17;
40.000.090-4;20000471;10;PFM-M;01.06.18;;24759;2;S;01;01.02.22;756;46014;68292;500000000;;GEB;01.02.22;
40.000.091-2;20000440;10;PFM-M;01.04.18;;9246;1;S;01;01.08.21;276;68857;57156;1000000000;;KIN;01.08.21;
40.000.092-8;20000038;10;PFM-M;01.03.14;;14279;2;S;01;01.09.19;276;22358;66572;1000000000;;GEB;01.09.19;
40.000.093-3;20000367;10;PFM-M;01.09.20;;7075;4;S;ZZ;15.05.25;276;55467;81339;2000000000;;;15.05.25;
40.000.094-9;20000526;10;PFM-M;01.11.19;;8770;1;S;ZZ;15.05.25;276;22358;66572;2000000000;;AUS/DRO;15.05.25;
40.000.095-7;20000363;10;PFM-M;01.11.18;;8082;1;S;01;01.07.20;276;14433;;1000000000;;BAU;01.07.20;
40.000.096-5;20000353;10;PFM-K;01.10.09;;12873;1;S;01;01.04.11;756;29923;10517;500000000;;;01.04.11;
40.000.097-0;20000450;10;PFM-M;01.08.16;;5464;1;S;01;01.11.17;276;22358;66572;500000000;;;01.11.17;
40.000.098-1;20000037;10;PFM-K;01.11.04;;5355;4;S;01;01.07.06;276;55467;81339;500000000;;;01.07.06;
40.000.099-6;20000554;10;PFM-K;01.12.08;;5355;1;S;01;01.01.13;276;56739;33967;500000000;;;01.01.13;
40.000.100-7;20000163;10;PFM-M;01.08.20;;16453;1;S;ZZ;15.05.25;756;86847;14447;1000000000;;SCH;15.05.25;
40.000.101-5;20000097;10;PFM-M;01.03.18;;14852;4;S;ZZ;15.05.25;756;98920;42571;500000000;;;15.05.25;MAHNUNG 2 VERSANDT
40.000.102-0;20000466;10;PFM-M;01.04.16;;15908;1;S;ZZ;15.05.25;756;18636;66177;500000000;;SCH;15.05.25;
40.000.103-1;20000057;10;PFM-K;01.03.09;;7673;1;S;05;01.07.12;276;92109;32569;300000000;;;01.07.12;
40.000.104-6;20000370;10;PFM-M;01.11.19;;17157;1;S;01;01.02.21;756;41309;12814;500000000;;;01.02.21;
40.000.105-4;20000023;10;PFM-M;01.11.15;;14774;2;S;01;01.07.17;756;23684;93309;500000000;;;01.07.17;
40.000.106-2;20000295;10;PFM-M;01.10.13;;16517;4;S;01;01.07.14;756;29923;10517;500000000;;SCH;01.07.14;
40.000.107-8;20000448;10;PFM-K;01.07.04;;8988;1;S;01;01.10.20;756;86847;14447;500000000;;;01.10.20;
40.000.108-3;20000213;10;PFM-M;01.04.18;;9386;1;S;01;01.12.22;276;91596;54738;1000000000;;;01.12.22;ADRESSAENDERUNG 01/23
40.000.109-9;20000019;10;PFM-M;01.07.19;;17981;4;S;ZZ;15.05.25;756;70360;55115;1000000000;;;15.05.25;
40.000.110-6;20000348;10;PFM-M;01.01.19;;14774;1;S;01;01.05.23;756;48269;69787;500000000;;;01.05.23;
40.000.111-4;20000389;10;PFM-M;01.01.14;;11394;1;S;01;01.05.21;276;91596;54738;1000000000;;GEB;01.05.21;
40.000.112-2;20000424;10;PFM-M;01.11.17;;9915;1;S;ZZ;15.05.25;756;86847;14447;500000000;;SCH;15.05.25;
40.000.113-8;20000569;10;PFM-M;01.05.15;;10421;2;S;ZZ;15.05.25;756;18636;66177;500000000;;;15.05.25;
40.000.114-3;20000417;10;PFM-M;01.04.14;;24175;1;S;01;01.05.17;276;96461;97811;2000000000;;TIE;01.05.17;
40.000.115-9;20000068;10;PFM-M;01.10.20;;19777;2;S;ZZ;15.05.25;756;70360;55115;1000000000;;;15.05.25;
40.000.116-7;20000095;10;PFM-M;01.07.16;;9901;2;S;ZZ;15.05.25;756;41148;22405;500000000;;;15.05.25;MAHNUNG 2 VERSANDT
40.000.117-5;20000432;10;PFM-M;01.01.13;;19871;2;S;ZZ;15.05.25;756;57109;52547;500000000;;GEB;15.05.25;
40.000.118-0;20000463;10;PFM-M;01.04.17;;8752;1;S;05;01.02.18;756;29923;10517;500000000;;;01.02.18;
40.000.119-1;20000205;10;PFM-M;01.10.19;;7230;1;S;01;01.07.22;276;26924;53449;500000000;;;01.07.22;
40.000.120-9;20000011;10;PFM-M;01.06.20;;18879;2;S;ZZ;15.05.25;756;29923;10517;500000000;;GEB;15.05.25;ADRESSAENDERUNG 01/23
40.000.121-7;20000298;10;PFM-M;01.11.15;;17650;2;S;01;01.08.19;756;91438;73494;1000000000;;;01.08.19;
40.000.122-5;20000499;10;PFM-K;01.12.09;;14026;1;S;01;01.02.16;756;70360;55115;500000000;;;01.02.16;
40.000.123-0;20000573;10;PFM-M;01.04.20;;6337;1;S;01;01.06.24;276;63144;15458;2000000000;;KIN;01.06.24;
40.000.124-1;20000155;10;PFM-K;01.10.06;;10007;1;S;01;01.04.22;756;86847;14447;500000000;;;01.04.22;
40.000.125-6;20000387;10;PFM-M;01.01.15;;13655;1;S;ZZ;15.05.25;756;70360;55115;500000000;;;15.05.25;
40.000.126-4;20000270;10;PFM-M;01.03.15;;9849;1;S;01;01.12.17;756;70360;55115;500000000;;;01.12.17;
40.000.127-2;20000512;10;PFM-M;01.08.15;;13828;1;S;01;01.02.22;756;86847;14447;500000000;;;01.02.22;KUENDIGUNG ERHALTEN, FRIST PRUEFEN
40.000.128-8;20000165;10;PFM-M;01.08.20;;16910;2;S;01;01.09.21;756;29923;10517;1000000000;;;01.09.21;
40.000.129-3;20000271;10;PFM-M;01.03.14;;18743;1;S;01;01.06.19;756;29923;10517;1000000000;;;01.06.19;
40.000.130-1;20000031;10;PFM-M;01.12.15;;23672;1;S;02;01.02.19;756;41309;12814;500000000;;GEB;01.02.19;
40.000.131-6;20000518;10;PFM-M;01.10.16;;8629;1;S;01;01.03.20;276;76433;64344;500000000;;;01.03.20;ADRESSAENDERUNG 01/23
40.000.132-4;20000106;10;PFM-M;01.08.16;;10680;1;S;05;01.11.22;276;68857;57156;1000000000;;KIN;01.11.22;
40.000.133-2;20000433;10;PFM-M;01.06.15;;17157;1;S;01;01.11.21;756;86847;14447;500000000;hund;;01.11.21;
40.000.134-8;20000346;10;PFM-M;01.09.16;;9881;1;S;01;01.10.21;756;29923;10517;500000000;;;01.10.21;ADRESSAENDERUNG 01/23
40.000.135-3;20000284;10;PFM-M;01.03.14;;15635;1;S;ZZ;15.05.25;756;48269;69787;500000000;;;15.05.25;
40.000.136-9;20000070;10;PFM-M;01.07.13;;21520;1;S;ZZ;15.05.25;756;41148;22405;500000000;;GEB;15.05.25;
40.000.137-7;20000054;10;PFM-M;01.03.15;;8938;1;S;01;01.10.17;276;56739;33967;2000000000;;;01.10.17;
40.000.138-5;20000457;10;PFM-M;01.07.16;;18060;1;S;01;01.11.24;756;98920;42571;500000000;;;01.11.24;
40.000.139-0;20000527;10;PFM-M;01.11.19;;9538;1;S;ZZ;15.05.25;276;16071;54431;1000000000;;AUS/KIN;15.05.25;KUENDIGUNG ERHALTEN, FRIST PRUEFEN
40.000.140-4;20000521;10;PFM-K;01.03.08;;11496;1;S;01;01.02.11;756;10517;;500000000;HUND;;01.02.11;
40.000.141-2;20000105;10;PFM-M;01.10.17;;5738;1;S;ZZ;15.05.25;276;22358;66572;1000000000;;;15.05.25;
40.000.142-8;20000401;10;PFM-M;01.02.14;;9901;2;S;ZZ;15.05.25;756;86847;14447;500000000;;;15.05.25;
40.000.143-3;20000220;10;PFM-M;01.12.14;;33931;4;S;01;01.01.19;756;29923;10517;1000000000;;TIE;01.01.19;VN TEL. ANGEFR., RR BIS 15.3.
40.000.144-9;20000422;10;PFM-M;01.02.15;;19378;1;S;ZZ;15.05.25;756;57109;52547;500000000;;GEB;15.05.25;
40.000.145-7;20000192;10;PFM-M;01.08.14;;14860;1;S;01;01.02.21;276;56243;61182;1000000000;HUND LABRAD;;01.02.21;
40.000.146-5;20000550;10;PFM-M;01.09.13;;15283;4;S;01;01.05.24;756;70360;55115;1000000000;;;01.05.24;
40.000.147-0;20000469;10;PFM-K;01.03.09;;12983;1;S;01;01.07.10;756;48269;69787;500000000;;;01.07.10;
40.000.148-1;20000445;10;PFM-M;01.07.17;;7466;1;S;ZZ;15.05.25;276;16071;54431;500000000;;BAU/SCH;15.05.25;
40.000.149-6;20000504;10;PFM-M;01.06.16;;19667;1;S;01;01.07.23;756;23684;93309;500000000;;GEB;01.07.23;
40.000.150-8;20000514;10;PFM-M;01.06.15;;9881;2;S;ZZ;15.05.25;756;86847;14447;500000000;;;15.05.25;
40.000.151-3;20000529;10;PFM-K;01.08.08;;8792;1;S;01;01.06.20;276;87406;65215;500000000;;;01.06.20;
40.000.152-9;20000572;10;PFM-M;01.08.13;;23536;4;S;01;01.03.14;756;86847;14447;500000000;;GEB;01.03.14;
40.000.153-7;20000322;10;PFM-M;01.05.17;;6131;1;S;05;01.08.18;276;56243;61182;500000000;;KIN;01.08.18;
40.000.154-5;20000323;10;PFM-M;01.01.15;;17083;1;S;ZZ;15.05.25;756;18636;66177;1000000000;;;15.05.25;DECKUNG RUHT
40.000.155-0;20000208;10;PFM-M;01.06.17;;14977;1;S;01;01.09.22;276;80193;;2000000000;HUND;AUS;01.09.22;MAHNUNG 2 VERSANDT
40.000.156-1;20000524;10;PFM-M;01.01.15;;16889;4;S;ZZ;15.05.25;756;18636;66177;500000000;;;15.05.25;
40.000.157-6;20000112;10;PFM-M;01.10.20;;10205;1;S;05;01.04.23;276;63144;15458;2000000000;;KIN;01.04.23;
40.000.158-4;20000241;10;PFM-M;01.01.20;;6378;1;S;ZZ;15.05.25;276;16071;54431;1000000000;;;15.05.25;
40.000.159-2;20000129;10;PFM-M;01.03.17;;7396;1;S;ZZ;15.05.25;276;98657;95795;1000000000;;AUS;15.05.25;
40.000.160-0;20000464;10;PFM-M;01.12.17;;12038;1;S;01;01.12.19;276;93662;80193;2000000000;;OEL/KIN;01.12.19;
40.000.161-1;20000432;10;PFM-K;01.06.02;;10899;1;S;01;01.11.08;756;29923;10517;500000000;;;01.11.08;
40.000.162-6;20000226;10;PFM-M;01.04.15;;5355;2;S;05;01.09.17;276;22358;66572;1000000000;;;01.09.17;
40.000.163-4;20000379;10;PFM-M;01.02.18;;15491;4;S;ZZ;15.05.25;276;63144;15458;2000000000;;GEB;15.05.25;
40.000.164-2;20000088;10;PFM-K;01.12.05;;8792;1;S;01;01.11.10;276;16616;28446;500000000;;;01.11.10;
40.000.165-8;20000362;10;PFM-M;01.03.19;;10759;2;S;01;01.11.20;276;56243;61182;1000000000;;GEB;01.11.20;
40.000.166-3;20000075;10;PFM-M;01.10.19;;11986;4;S;01;01.03.21;756;86847;14447;1000000000;;;01.03.21;
40.000.167-9;20000485;10;PFM-M;01.05.16;;17805;1;S;05;01.02.21;276;87406;65215;2000000000;HUND;AUS;01.02.21;
40.000.168-7;20000227;10;PFM-M;01.09.20;;15241;1;S;ZZ;15.05.25;756;86847;14447;500000000;;;15.05.25;BAUSTEIN HUND NACHGEMELDET
40.000.169-5;20000042;10;PFM-M;01.12.18;;8506;1;S;ZZ;15.05.25;276;56243;61182;500000000;;KIN;15.05.25;
40.000.170-5;20000189;10;PFM-M;01.12.20;;11361;1;S;01;01.12.21;756;86847;14447;500000000;;;01.12.21;
40.000.171-0;20000029;10;PFM-M;01.02.16;;8688;1;S;ZZ;15.05.25;276;87406;65215;1000000000;;;15.05.25;
40.000.172-1;20000076;10;PFM-M;01.04.18;;22575;1;S;01;01.10.22;756;98920;42571;500000000;;BAU/GEB;01.10.22;
40.000.173-6;20000516;10;PFM-M;01.06.20;;14112;1;S;ZZ;15.05.25;756;14447;;500000000;;;15.05.25;
40.000.174-4;20000544;10;PFM-M;01.07.19;;13367;1;S;01;01.08.20;756;86847;14447;500000000;;;01.08.20;
40.000.175-2;20000048;10;PFM-M;01.01.19;;9343;1;S;01;01.01.20;276;65010;82714;500000000;;KIN;01.01.20;
40.000.176-8;20000078;10;PFM-M;01.08.20;;10146;1;S;01;01.02.22;276;16071;54431;1000000000;;KIN;01.02.22;
40.000.177-3;20000304;10;PFM-M;01.03.15;;9802;1;S;ZZ;15.05.25;756;86847;14447;500000000;;;15.05.25;
40.000.178-9;20000167;10;PFM-M;01.01.14;;23735;1;S;ZZ;15.05.25;756;70360;55115;1000000000;;BAU;15.05.25;
40.000.179-7;20000035;10;PFM-K;01.10.07;;5354;1;S;01;01.08.10;276;98657;95795;500000000;;;01.08.10;
40.000.180-2;20000246;10;PFM-K;01.04.11;;13724;1;S;ZZ;15.05.25;756;29923;10517;500000000;;;15.05.25;
40.000.181-8;20000015;10;PFM-M;01.01.15;;5355;2;S;01;01.09.24;276;16071;54431;1000000000;;;01.09.24;
40.000.182-3;20000438;10;PFM-M;01.09.16;;10868;1;S;01;01.01.22;756;86847;14447;500000000;;;01.01.22;
40.000.183-9;20000340;10;PFM-M;01.06.15;;9901;1;S;ZZ;15.05.25;756;48269;69787;500000000;;;15.05.25;
40.000.184-7;20000085;10;PFM-M;01.05.20;;14705;1;S;ZZ;15.05.25;756;86847;14447;500000000;;;15.05.25;
40.000.185-5;20000198;10;PFM-K;01.10.02;;13004;1;S;01;01.08.05;756;86847;14447;500000000;;;01.08.05;
40.000.186-0;20000492;10;PFM-K;01.04.06;;4490;2;S;01;01.08.12;276;69141;22978;500000000;;;01.08.12;
40.000.187-1;20000211;10;PFM-M;01.12.18;;17083;1;S;01;01.09.23;756;41148;22405;1000000000;;;01.09.23;
40.000.188-6;20000305;10;PFM-M;01.11.19;;16889;1;S;ZZ;15.05.25;756;91438;73494;500000000;;;15.05.25;
40.000.189-4;20000558;10;PFM-M;01.02.15;;27980;1;S;01;01.07.24;276;98657;95795;1000000000;;TIE/OEL;01.07.24;
40.000.190-3;20000404;10;PFM-M;01.09.16;;28376;1;S;ZZ;15.05.25;756;48269;69787;1000000000;;GEB;15.05.25;
40.000.191-9;20000187;10;PFM-M;01.10.16;;19383;4;S;01;01.10.21;756;91438;73494;1000000000;;;01.10.21;
40.000.192-7;20000239;10;PFM-M;01.02.20;;5404;1;S;05;01.10.23;276;16071;54431;1000000000;;;01.10.23;
40.000.193-5;20000156;10;PFM-M;01.03.14;;22654;1;S;01;01.08.23;756;91438;73494;1000000000;;;01.08.23;
40.000.194-0;20000064;10;PFM-M;01.02.18;;8125;4;S;01;01.07.19;276;29784;95640;500000000;;;01.07.19;
40.000.195-1;20000460;10;PFM-M;01.10.20;;11497;1;S;01;01.03.21;276;83646;29364;1000000000;;GEB/AUS;01.03.21;
40.000.196-6;20000149;10;PFM-K;01.01.11;;7261;1;S;02;01.01.12;276;68857;57156;500000000;;;01.01.12;
40.000.197-4;20000141;10;PFM-M;01.12.20;;12535;4;S;ZZ;15.05.25;276;68857;57156;500000000;;GEB/AUS;15.05.25;
40.000.198-2;20000016;10;PFM-M;01.10.19;;18879;1;S;ZZ;15.05.25;756;86847;14447;1000000000;HUND MISCHL;;15.05.25;
40.000.199-8;20000257;10;PFM-M;01.05.13;;18790;1;S;01;01.03.17;756;46014;68292;1000000000;;;01.03.17;
40.000.200-9;20000555;10;PFM-M;01.06.20;;17042;1;S;02;01.06.23;756;26180;86233;1000000000;;;01.06.23;
40.000.201-7;20000358;10;PFM-K;01.11.05;;7151;1;S;01;01.07.12;276;16071;54431;500000000;;;01.07.12;
40.000.202-5;20000453;10;PFM-M;01.02.19;;7098;4;S;ZZ;15.05.25;276;22358;66572;2000000000;;KIN;15.05.25;
40.000.203-0;20000539;10;PFM-M;01.07.15;;14112;1;S;01;01.12.18;756;29923;10517;500000000;;;01.12.18;
40.000.204-1;20000044;10;PFM-M;01.04.20;;9025;4;S;ZZ;15.05.25;276;63144;15458;500000000;;AUS;15.05.25;
40.000.205-6;20000071;10;PFM-M;01.08.20;;16254;1;S;01;01.08.22;756;86847;14447;500000000;;;01.08.22;
40.000.206-4;20000012;10;PFM-M;01.07.16;;25074;1;S;ZZ;15.05.25;756;86847;14447;1000000000;;GEB;15.05.25;
40.000.207-2;20000571;10;PFM-M;01.01.16;;8442;1;S;ZZ;15.05.25;756;18636;66177;500000000;;;15.05.25;
40.000.208-8;20000544;10;PFM-M;01.02.17;;16910;2;S;01;01.10.23;756;26180;86233;1000000000;;;01.10.23;
40.000.209-3;20000534;10;PFM-M;01.07.16;;16049;1;S;ZZ;15.05.25;756;70360;55115;1000000000;;;15.05.25;ADRESSAENDERUNG 01/23
40.000.210-1;20000494;10;PFM-M;01.02.15;;16338;1;S;ZZ;15.05.25;756;86847;14447;500000000;;;15.05.25;
40.000.211-6;20000231;10;PFM-M;01.07.18;;12875;1;S;ZZ;15.05.25;276;56243;61182;500000000;;GEB/AUS;15.05.25;
40.000.212-4;20000509;10;PFM-M;01.12.14;;14375;4;S;ZZ;15.05.25;276;56243;61182;1000000000;HUND;;15.05.25;
40.000.213-2;20000461;10;PFM-M;01.02.19;;6649;1;S;01;01.10.24;276;56739;33967;500000000;;AUS;01.10.24;
40.000.214-8;20000567;10;PFM-M;01.02.13;;5626;4;S;01;01.11.20;276;96461;97811;1000000000;;KIN;01.11.20;
40.000.215-3;20000399;10;PFM-M;01.01.15;;11473;1;S;01;01.06.17;276;16071;54431;2000000000;;AUS/KIN/DR;01.06.17;
40.000.216-9;20000546;10;PFM-K;01.10.10;;6196;1;S;ZZ;15.05.25;276;69141;22978;300000000;;;15.05.25;SANIERUNG UW
40.000.217-7;20000265;10;PFM-M;01.11.13;;34314;1;S;01;01.11.18;756;86847;14447;500000000;HUND;TIE/GEB;01.11.18;
40.000.218-5;20000430;10;PFM-M;01.05.13;;5691;1;S;01;01.11.16;276;55467;81339;1000000000;;;01.11.16;
40.000.219-0;20000554;10;PFM-M;01.03.20;;5355;1;S;01;01.04.21;276;22358;66572;1000000000;;;01.04.21;PRAEMIE LT. NACHTRAG 01
40.000.220-4;20000521;10;PFM-M;01.04.17;;26465;1;S;01;01.03.24;756;86847;14447;1000000000;HUND MISCHL;GEB;01.03.24;
40.000.221-2;20000456;10;PFM-M;01.10.17;;7484;4;S;ZZ;15.05.25;276;55467;81339;1000000000;;KIN;15.05.25;
40.000.222-8;20000393;10;PFM-M;01.01.13;;16338;1;S;01;01.05.21;756;18636;66177;500000000;;;01.05.21;SANIERUNG UW
40.000.223-3;20000373;10;PFM-M;01.06.17;;15635;1;S;01;01.02.20;756;48269;69787;500000000;;;01.02.20;
40.000.224-9;20000210;10;PFM-M;01.06.18;;11466;1;S;ZZ;15.05.25;756;91438;73494;500000000;;;15.05.25;
40.000.225-7;20000101;10;PFM-M;01.07.14;;10217;1;S;ZZ;15.05.25;756;23684;93309;500000000;;;15.05.25;
40.000.226-5;20000120;10;PFM-M;01.07.20;;17083;1;S;01;01.10.24;756;29923;10517;1000000000;HUND LABRAD;;01.10.24;
40.000.227-0;20000317;10;PFM-K;01.06.11;;19073;1;S;01;01.03.18;756;91438;73494;500000000;;;01.03.18;
40.000.228-1;20000221;10;PFM-M;01.06.16;;15365;1;S;01;01.09.24;276;16071;54431;2000000000;HUND;;01.09.24;
40.000.229-6;20000414;10;PFM-M;01.05.16;;6753;1;S;01;01.10.19;276;16071;54431;1000000000;;;01.10.19;
40.000.230-8;20000102;10;PFM-M;01.09.14;;9537;1;S;05;01.04.18;276;31009;;1000000000;;;01.04.18;VN TEL. ANGEFR., RR BIS 15.3.
40.000.231-3;20000073;10;PFM-M;01.01.14;;6663;2;S;01;01.11.22;276;98657;95795;500000000;;;01.11.22;
40.000.232-9;20000226;10;PFM-M;01.10.18;;5355;4;S;ZZ;15.05.25;276;93662;80193;1000000000;;KIN;15.05.25;
40.000.233-7;20000203;10;PFM-M;01.11.19;;15524;1;S;01;01.10.24;756;86847;14447;500000000;HUND;;01.10.24;
40.000.234-5;20000289;10;PFM-M;01.05.20;;17467;1;S;ZZ;15.05.25;276;16071;54431;1000000000;;OEL/GEB/AU;15.05.25;
40.000.235-0;20000440;10;PFM-M;01.04.16;;11874;2;S;01;01.04.17;276;55467;81339;1000000000;;GEB;01.04.17;
40.000.236-1;20000189;10;PFM-M;01.03.20;;17083;1;S;01;01.02.23;756;86847;14447;1000000000;;;01.02.23;
40.000.237-6;20000409;10;PFM-M;01.01.14;;9040;1;S;01;01.08.17;276;89761;54269;1000000000;;AUS;01.08.17;
40.000.238-4;20000268;10;PFM-M;01.06.14;;14774;1;S;ZZ;15.05.25;756;26180;86233;500000000;;;15.05.25;
40.000.239-2;20000542;10;PFM-M;01.07.15;;17157;2;S;ZZ;15.05.25;756;70360;55115;500000000;HUND 2X;;15.05.25;
40.000.240-0;20000254;10;PFM-M;01.01.14;;10510;1;S;01;01.02.16;276;68857;57156;500000000;;AUS;01.02.16;
40.000.241-1;20000312;10;PFM-M;01.01.16;;8542;4;S;ZZ;15.05.25;276;63144;15458;2000000000;;;15.05.25;
40.000.242-6;20000186;10;PFM-K;01.03.08;;10138;1;S;01;01.02.18;756;23684;93309;500000000;;;01.02.18;
40.000.243-4;20000387;10;PFM-M;01.05.18;;16574;1;S;01;01.09.20;756;70360;55115;1000000000;;;01.09.20;
40.000.244-2;20000311;10;PFM-M;01.09.16;;20417;1;S;ZZ;15.05.25;756;29923;10517;500000000;;BAU/GEB;15.05.25;
40.000.245-8;20000395;10;PFM-M;01.01.20;;5623;1;S;ZZ;15.05.25;276;89761;54269;500000000;;;15.05.25;
40.000.246-3;20000096;10;PFM-M;01.05.20;;16568;4;S;ZZ;15.05.25;756;70360;55115;500000000;;GEB;15.05.25;
40.000.247-9;20000198;10;PFM-M;01.04.15;;14038;2;S;01;01.02.20;756;86847;14447;500000000;;;01.02.20;VN TEL. ANGEFR., RR BIS 15.3.
40.000.248-7;20000356;10;PFM-M;01.06.14;;8409;1;S;ZZ;15.05.25;276;92109;32569;500000000;;SCH;15.05.25;
40.000.249-5;20000561;10;PFM-M;01.01.15;;12677;1;S;01;01.01.16;276;96461;97811;1000000000;HUND LABRAD;SCH/KIN;01.01.16;
40.000.250-5;20000569;10;PFM-M;01.06.18;;11387;1;S;01;01.07.23;756;57109;52547;1000000000;;;01.07.23;
40.000.251-0;20000433;10;PFM-K;01.03.10;;12365;1;S;ZZ;15.05.25;756;70360;55115;500000000;HUND MISCHL;;15.05.25;
40.000.252-1;20000051;10;PFM-M;01.11.19;;9881;1;S;ZZ;15.05.25;756;86847;14447;500000000;;;15.05.25;
40.000.253-6;20000504;10;PFM-K;01.11.12;;8515;1;S;01;01.12.15;756;41148;22405;500000000;;;01.12.15;
40.000.254-4;20000343;10;PFM-M;01.07.14;;16186;1;S;ZZ;15.05.25;756;86847;14447;1000000000;HUND LABRAD;;15.05.25;
40.000.255-2;20000060;10;PFM-M;01.08.15;;18790;1;S;01;01.04.20;756;86847;14447;1000000000;HUND 2X;;01.04.20;
40.000.256-8;20000552;10;PFM-M;01.06.14;;8034;1;S;05;01.01.15;276;63144;15458;500000000;;;01.01.15;ADRESSAENDERUNG 01/23
40.000.257-3;20000178;10;PFM-M;01.05.20;;6327;1;S;ZZ;15.05.25;276;87406;65215;500000000;;;15.05.25;DECKUNG RUHT
40.000.258-9;20000088;10;PFM-K;01.05.09;;5537;1;S;01;01.03.24;276;63144;15458;300000000;;;01.03.24;
40.000.259-7;20000278;10;PFM-M;01.01.18;;18879;1;S;01;01.06.23;756;98920;42571;1000000000;;;01.06.23;
40.000.260-2;20000483;10;PFM-M;01.01.20;;13955;1;S;ZZ;15.05.25;756;23684;93309;500000000;HUND;;15.05.25;
40.000.261-8;20000454;10;PFM-M;01.08.17;;8732;1;S;01;01.04.23;276;87406;65215;2000000000;;AUS;01.04.23;BAUSTEIN HUND NACHGEMELDET
40.000.262-3;20000558;10;PFM-M;01.05.18;;7439;1;S;ZZ;15.05.25;276;29784;95640;1000000000;;;15.05.25;
40.000.263-9;20000546;10;PFM-K;01.02.09;;7992;4;S;01;01.10.12;276;65215;;500000000;;;01.10.12;
40.000.264-7;20000427;10;PFM-M;01.08.14;;26135;1;S;01;01.09.18;756;98920;42571;500000000;;GEB;01.09.18;
40.000.265-5;20000402;10;PFM-K;01.07.07;;13624;1;S;ZZ;15.05.25;756;86847;14447;500000000;;;15.05.25;
40.000.266-0;20000474;10;PFM-M;01.10.14;;15477;2;S;01;01.07.15;756;29923;10517;500000000;;;01.07.15;
40.000.267-1;20000138;10;PFM-M;01.12.18;;5404;1;S;01;01.06.24;276;83646;29364;1000000000;;;01.06.24;
40.000.268-6;20000265;10;PFM-K;01.12.12;;10729;2;S;ZZ;15.05.25;756;86847;14447;500000000;HUND;;15.05.25;
40.000.269-4;20000355;10;PFM-M;01.05.13;;9901;4;S;ZZ;15.05.25;756;70360;55115;500000000;;;15.05.25;
40.000.270-3;20000550;10;PFM-M;01.12.13;;12663;4;S;01;01.03.21;756;23684;93309;500000000;;;01.03.21;
40.000.271-9;20000534;10;PFM-M;01.04.20;;13955;1;S;ZZ;15.05.25;756;70360;55115;500000000;;;15.05.25;ADRESSAENDERUNG 01/23
40.000.272-7;20000187;10;PFM-K;01.10.12;;13351;1;S;01;01.05.13;756;86847;14447;500000000;;;01.05.13;
40.000.273-5;20000451;10;PFM-M;01.02.15;;12991;2;S;ZZ;15.05.25;276;93662;80193;500000000;HUND;AUS;15.05.25;
40.000.274-0;20000266;10;PFM-M;01.04.19;;10459;1;S;01;01.05.20;276;55467;81339;2000000000;;AUS;01.05.20;
40.000.275-1;20000037;10;PFM-M;01.03.19;;5355;1;S;01;01.10.24;276;55467;81339;500000000;;;01.10.24;
40.000.276-6;20000315;10;PFM-M;01.03.20;;24990;1;S;ZZ;15.05.25;756;57109;52547;1000000000;;GEB;15.05.25;
40.000.277-4;20000300;10;PFM-M;01.01.15;;5694;1;S;01;01.01.22;276;56243;61182;2000000000;;;01.01.22;
40.000.278-2;20000128;10;PFM-M;01.08.14;;6704;1;S;01;01.03.19;276;63144;15458;500000000;;SCH;01.03.19;
40.000.279-8;20000346;10;PFM-M;01.03.17;;10946;1;S;ZZ;15.05.25;756;48269;69787;500000000;;;15.05.25;
40.000.280-7;20000291;10;PFM-M;01.11.15;;7170;1;S;01;01.11.23;276;92780;31009;1000000000;;;01.11.23;
40.000.281-5;20000378;10;PFM-M;01.11.19;;11839;1;S;ZZ;15.05.25;756;86847;14447;1000000000;;;15.05.25;
40.000.282-0;20000438;10;PFM-M;01.04.13;;10946;1;S;01;01.05.23;756;41309;12814;500000000;;;01.05.23;ADRESSAENDERUNG 01/23
40.000.283-1;20000524;10;PFM-M;01.09.20;;15635;1;S;01;01.01.21;756;98920;42571;500000000;;;01.01.21;
40.000.284-6;20000019;10;PFM-M;01.08.15;;19777;1;S;01;01.12.19;756;70360;55115;1000000000;;;01.12.19;
40.000.285-4;20000137;10;PFM-K;01.04.09;;9358;1;S;ZZ;15.05.25;756;41148;22405;500000000;;;15.05.25;
40.000.286-2;20000443;10;PFM-M;01.05.19;;15598;1;S;ZZ;15.05.25;756;48269;69787;500000000;;;15.05.25;
40.000.287-8;20000370;10;PFM-M;01.02.19;;15440;1;S;01;01.01.23;756;42571;;500000000;;;01.01.23;
40.000.288-3;20000170;10;PFM-M;01.04.17;;15598;1;S;01;01.04.18;756;70360;55115;500000000;;;01.04.18;
40.000.289-9;20000539;10;PFM-M;01.06.14;;20924;1;S;ZZ;15.05.25;756;55115;;500000000;;GEB;15.05.25;
40.000.290-6;20000451;10;PFM-M;01.02.13;;14104;1;S;ZZ;15.05.25;276;29784;95640;500000000;hund;AUS/KIN;15.05.25;
40.000.291-4;20000383;10;PFM-M;01.01.19;;5417;4;S;ZZ;15.05.25;276;83646;29364;500000000;;;15.05.25;
40.000.292-2;20000282;10;PFM-M;01.02.15;;14070;4;S;01;01.01.22;756;29923;10517;500000000;;;01.01.22;
40.000.293-8;20000109;10;PFM-M;01.02.19;;14443;1;S;ZZ;15.05.25;756;57109;52547;1000000000;HUND LABRAD;;15.05.25;PRAEMIE LT. NACHTRAG 01
40.000.294-3;20000373;10;PFM-M;01.03.17;;14112;1;S;01;01.10.20;756;86847;14447;500000000;;;01.10.20;
40.000.295-9;20000068;10;PFM-M;01.07.13;;23982;1;S;01;01.12.14;756;70360;55115;500000000;;GEB;01.12.14;
40.000.296-7;20000341;10;PFM-M;01.10.15;;24260;1;S;05;01.04.21;756;41148;22405;1000000000;;GEB;01.04.21;
40.000.297-5;20000208;10;PFM-M;01.05.16;;11938;1;S;01;01.04.18;276;69141;22978;500000000;HUND 2X;;01.04.18;
40.000.298-0;20000093;10;PFM-M;01.11.16;;6624;1;S;ZZ;15.05.25;276;56739;33967;2000000000;;;15.05.25;
40.000.299-1;20000353;10;PFM-M;01.06.18;;19703;1;S;ZZ;15.05.25;756;91438;73494;500000000;;;15.05.25;
40.000.300-4;20000412;10;PFM-M;01.03.18;;8512;1;S;ZZ;15.05.25;276;56243;61182;500000000;;AUS;15.05.25;
40.000.301-2;20000141;10;PFM-M;01.12.19;;11895;1;S;ZZ;15.05.25;276;69141;22978;1000000000;;GEB/AUS;15.05.25;
40.000.302-8;20000120;10;PFM-M;01.12.16;;16453;1;S;ZZ;15.05.25;756;48269;69787;1000000000;HUND MISCHL;SCH;15.05.25;
40.000.303-3;20000309;10;PFM-M;01.11.17;;15301;4;S;ZZ;15.05.25;756;86847;14447;500000000;HUND 2X;;15.05.25;
40.000.304-9;20000105;10;PFM-K;01.11.10;;4913;1;S;ZZ;15.05.25;276;98657;95795;500000000;;;15.05.25;
40.000.305-7;20000336;10;PFM-K;01.06.12;;15209;1;S;ZZ;15.05.25;756;91438;73494;500000000;;;15.05.25;
40.000.306-5;20000570;10;PFM-K;01.08.11;;6529;4;S;01;01.11.13;276;76433;64344;500000000;;;01.11.13;
40.000.307-0;20000213;10;PFM-M;01.03.17;;9107;1;S;05;01.02.20;276;21767;82454;1000000000;;AUS/KIN;01.02.20;
40.000.308-1;20000243;10;PFM-K;01.04.10;;13760;4;S;01;01.03.13;756;29923;10517;500000000;;;01.03.13;
40.000.309-6;20000142;10;PFM-M;01.05.13;;16453;1;S;ZZ;15.05.25;756;86847;14447;1000000000;;SCH;15.05.25;
40.000.310-8;20000203;10;PFM-M;01.10.15;;17645;1;S;ZZ;15.05.25;756;98920;42571;500000000;HUND;;15.05.25;
40.000.311-3;20000022;10;PFM-M;01.06.18;;20423;1;S;ZZ;15.05.25;756;29923;10517;500000000;;GEB;15.05.25;
40.000.312-9;20000035;10;PFM-M;01.06.17;;12462;1;S;01;01.02.21;276;98657;95795;2000000000;;GEB/AUS;01.02.21;
40.000.313-7;20000448;10;PFM-M;01.12.15;;9707;4;S;ZZ;15.05.25;756;86847;14447;500000000;;;15.05.25;
40.000.314-5;20000416;10;PFM-M;01.02.16;;11009;4;S;ZZ;15.05.25;756;70360;55115;500000000;;SCH;15.05.25;
40.000.315-0;20000070;10;PFM-M;01.08.18;;9382;1;S;ZZ;15.05.25;756;57109;52547;500000000;;;15.05.25;
40.000.316-1;20000146;10;PFM-M;01.04.15;;14558;1;S;01;01.03.17;756;12814;;500000000;;;01.03.17;
40.000.317-6;20000439;10;PFM-M;01.11.17;;9901;2;S;ZZ;15.05.25;756;23684;93309;500000000;;;15.05.25;
40.000.318-4;20000115;10;PFM-M;01.03.16;;14453;1;S;01;01.01.24;756;18636;66177;500000000;;SCH;01.01.24;
40.000.319-2;20000293;10;PFM-M;01.12.16;;11750;1;S;ZZ;15.05.25;756;23684;93309;1000000000;;BAU;15.05.25;
40.000.320-0;20000270;10;PFM-M;01.08.16;;14349;1;S;ZZ;15.05.25;756;41148;22405;1000000000;;;15.05.25;
40.000.321-1;20000071;10;PFM-M;01.12.20;;20617;1;S;ZZ;15.05.25;756;86847;14447;1000000000;;;15.05.25;
40.000.322-6;20000152;10;PFM-M;01.10.17;;10894;1;S;ZZ;15.05.25;756;86847;14447;500000000;;;15.05.25;
40.000.323-4;20000062;10;PFM-M;01.10.20;;15167;1;S;01;01.03.22;756;29923;10517;500000000;;;01.03.22;
40.000.324-2;20000546;10;PFM-M;01.08.13;;16082;1;S;01;01.08.15;276;91596;54738;1000000000;HUND MISCHL;;01.08.15;
40.000.325-8;20000067;10;PFM-M;01.11.15;;5677;2;S;01;01.02.24;276;95795;;1000000000;;SCH;01.02.24;
40.000.326-3;20000016;10;PFM-M;01.06.18;;17157;4;S;ZZ;15.05.25;756;86847;14447;500000000;HUND;;15.05.25;
40.000.327-9;20000234;10;PFM-M;01.08.18;;8783;1;S;01;01.10.22;276;16071;54431;1000000000;;KIN;01.10.22;
40.000.328-7;20000450;10;PFM-M;01.12.15;;5694;1;S;01;01.10.18;276;16071;54431;2000000000;;;01.10.18;
40.000.329-5;20000457;10;PFM-M;01.12.19;;19504;1;S;ZZ;15.05.25;756;68292;;500000000;;;15.05.25;
40.000.330-5;20000460;10;PFM-M;01.06.17;;6162;1;S;01;01.01.19;276;69141;22978;500000000;;DRO;01.01.19;
40.000.331-0;20000268;10;PFM-M;01.12.18;;15598;1;S;ZZ;15.05.25;756;26180;86233;500000000;;;15.05.25;
40.000.332-1;20000453;10;PFM-M;01.09.17;;5529;1;S;05;01.07.23;276;93662;80193;500000000;;;01.07.23;
40.000.333-6;20000542;10;PFM-M;01.12.20;;17934;1;S;ZZ;15.05.25;756;98920;42571;1000000000;HUND LABRAD;;15.05.25;
40.000.334-4;20000097;10;PFM-M;01.08.20;;13403;1;S;ZZ;15.05.25;756;86847;14447;500000000;;;15.05.25;
40.000.335-2;20000305;10;PFM-M;01.04.14;;15635;1;S;05;01.06.19;756;18636;66177;500000000;;BAU;01.06.19;
40.000.336-8;20000508;10;PFM-M;01.12.15;;12038;1;S;02;01.02.21;756;86847;14447;500000000;;;01.02.21;
40.000.337-3;20000529;10;PFM-M;01.12.20;;18371;4;S;ZZ;15.05.25;276;16071;54431;500000000;HUND;OEL;15.05.25;
40.000.338-9;20000095;10;PFM-M;01.03.20;;10421;1;S;01;01.11.23;756;98920;42571;500000000;;;01.11.23;
40.000.339-7;20000227;10;PFM-M;01.10.19;;16338;1;S;ZZ;15.05.25;756;70360;55115;500000000;;;15.05.25;
40.000.340-2;20000217;10;PFM-M;01.03.14;;8781;4;S;01;01.12.22;276;56243;61182;2000000000;;KIN;01.12.22;
40.000.341-8;20000271;10;PFM-M;01.10.17;;16417;2;S;ZZ;15.05.25;756;70360;55115;500000000;;BAU;15.05.25;
40.000.342-3;20000042;10;PFM-M;01.09.19;;7623;1;S;ZZ;15.05.25;276;22358;66572;500000000;;KIN;15.05.25;
40.000.343-9;20000158;10;PFM-M;01.08.20;;14038;1;S;ZZ;15.05.25;756;48269;69787;500000000;HUND;;15.05.25;
40.000.344-7;20000025;10;PFM-M;01.09.18;;14112;1;S;ZZ;15.05.25;756;86847;14447;500000000;;;15.05.25;
40.000.345-5;20000125;10;PFM-M;01.10.16;;9870;4;S;ZZ;15.05.25;276;98657;95795;1000000000;;KIN;15.05.25;
40.000.346-0;20000423;20;PFM-K;01.11.06;;64170;1;S;01;01.02.18;276;32569;;500000000;;;01.02.18;
40.000.347-1;20000369;20;PFM-M;01.04.19;;107141;1;S;ZZ;15.05.25;756;57109;52547;500000000;;PRO/IT-;15.05.25;
40.000.348-6;20000468;20;PFM-M;01.05.13;;101752;1;S;ZZ;15.05.25;276;56243;61182;500000000;;PRO;15.05.25;VN TEL. ANGEFR., RR BIS 15.3.
40.000.349-4;20000173;20;PFM-M;01.04.16;;36750;1;S;01;01.02.19;756;70360;55115;1000000000;;PRO/UMW;01.02.19;DECKUNG RUHT
40.000.350-3;20000202;20;PFM-M;01.11.16;;27040;1;S;01;01.06.17;276;89761;54269;1000000000;;;01.06.17;DECKUNG RUHT
40.000.351-9;20000303;20;PFM-M;01.04.19;;299792;1;S;ZZ;15.05.25;276;56243;61182;300000000;;RUE;15.05.25;
40.000.352-7;20000240;20;PFM-M;01.02.15;;89056;1;S;01;01.08.24;756;29923;10517;500000000;;PRO/UMW;01.08.24;
40.000.353-5;20000502;20;PFM-M;01.11.19;;28835;1;S;05;01.08.20;276;69141;22978;1000000000;;;01.08.20;
40.000.354-0;20000372;20;PFM-M;01.03.17;;116555;1;S;01;01.11.20;756;46014;68292;500000000;;PRO/UMW;01.11.20;
40.000.355-1;20000328;20;PFM-K;01.12.12;;33608;1;S;05;01.10.23;276;92780;31009;300000000;;;01.10.23;
40.000.356-6;20000511;20;PFM-M;01.05.19;;214205;1;S;ZZ;15.05.25;756;48269;69787;500000000;;PRO;15.05.25;
40.000.357-4;20000321;20;PFM-K;01.02.09;;31702;1;S;01;01.08.13;756;18636;66177;500000000;;;01.08.13;
40.000.358-2;20000130;20;PFM-M;01.09.13;;55020;2;S;ZZ;15.05.25;756;57109;52547;500000000;;RUE;15.05.25;
40.000.359-8;20000328;20;PFM-M;01.09.17;;45548;1;S;01;01.05.20;276;89761;54269;500000000;;UMW;01.05.20;
40.000.360-7;20000426;20;PFM-M;01.02.14;;81228;1;S;01;01.08.17;276;68857;57156;1000000000;;PRO;01.08.17;
40.000.361-5;20000347;20;PFM-M;01.10.17;;219545;4;S;ZZ;15.05.25;756;46014;68292;1000000000;;UMW;15.05.25;
40.000.362-0;20000425;20;PFM-M;01.03.14;;71579;1;S;01;01.09.19;756;55115;;500000000;;PRO;01.09.19;
40.000.363-1;20000320;20;PFM-M;01.09.20;;23800;1;S;ZZ;15.05.25;276;56243;61182;500000000;;;15.05.25;
40.000.364-6;20000392;20;PFM-M;01.10.13;;65551;1;S;01;01.03.18;756;70360;55115;500000000;;;01.03.18;
40.000.365-4;20000421;20;PFM-M;01.05.18;;68093;1;S;ZZ;15.05.25;756;86847;14447;1000000000;;;15.05.25;
40.000.366-2;20000154;20;PFM-M;01.06.13;;48140;2;S;01;01.02.19;756;18636;66177;500000000;;PRO;01.02.19;
40.000.367-8;20000130;20;PFM-M;01.10.17;;59057;2;S;05;01.07.20;756;18636;66177;1000000000;;PRO;01.07.20;ADRESSAENDERUNG 01/23
40.000.368-3;20000462;20;PFM-M;01.09.19;;39770;1;S;ZZ;15.05.25;276;55547;14433;1000000000;;UMW;15.05.25;
40.000.369-9;20000501;20;PFM-M;01.09.13;;79506;2;S;ZZ;15.05.25;276;91596;54738;500000000;;;15.05.25;
40.000.370-6;20000185;20;PFM-M;01.10.13;;2048534;1;S;01;01.08.21;756;86847;14447;500000000;;PRO/RUE;01.08.21;
40.000.371-4;20000503;20;PFM-K;01.04.03;;113904;1;S;01;01.10.13;756;86847;14447;500000000;;;01.10.13;
40.000.372-2;20000372;20;PFM-M;01.02.16;;148344;4;S;01;01.08.24;756;18636;66177;1000000000;;BAU/PRO;01.08.24;ADRESSAENDERUNG 01/23
40.000.373-8;20000462;20;PFM-K;01.03.02;;24357;2;S;01;01.05.11;276;68857;57156;500000000;;;01.05.11;
40.000.374-3;20000429;20;PFM-K;01.01.04;;47194;1;S;ZZ;15.05.25;756;86847;14447;500000000;;;15.05.25;
40.000.375-9;20000207;20;PFM-M;01.01.14;;99956;1;S;05;01.02.16;276;56243;61182;300000000;;;01.02.16;
40.000.376-7;20000136;20;PFM-M;01.03.19;;48929;1;S;ZZ;15.05.25;276;56243;61182;300000000;;UMW/RUE;15.05.25;
40.000.377-5;20000174;20;PFM-M;01.05.13;;132836;1;S;ZZ;15.05.25;276;91596;54738;500000000;;PRO;15.05.25;
40.000.378-0;20000423;20;PFM-M;01.04.15;;67492;2;S;01;01.10.19;276;56243;61182;1000000000;;;01.10.19;
40.000.379-1;20000420;20;PFM-K;01.12.10;;36750;1;S;01;01.03.16;756;41148;22405;500000000;;;01.03.16;
40.000.380-9;20000240;20;PFM-M;01.08.19;;92925;1;S;ZZ;15.05.25;756;48269;69787;500000000;;RUE;15.05.25;
40.000.381-7;20000429;20;PFM-M;01.01.15;;58391;2;S;ZZ;15.05.25;756;29923;10517;500000000;;;15.05.25;
40.000.382-5;20000240;20;PFM-M;01.08.17;;88001;1;S;05;01.04.24;756;86847;14447;500000000;;;01.04.24;
40.000.383-0;20000294;20;PFM-M;01.10.19;;102591;1;S;ZZ;15.05.25;276;89761;54269;500000000;;PRO;15.05.25;
40.000.384-1;20000184;20;PFM-M;01.04.17;;53918;1;S;01;01.09.20;276;61182;;300000000;;;01.09.20;
40.000.385-6;20000369;20;PFM-K;01.01.01;;72099;1;S;01;01.06.09;756;69787;;500000000;;;01.06.09;
40.000.386-4;20000327;20;PFM-M;01.01.20;;37212;1;S;01;01.01.22;756;86847;14447;500000000;;;01.01.22;
40.000.387-2;20000347;20;PFM-K;01.04.08;;176327;1;S;01;01.12.15;756;98920;42571;500000000;;;01.12.15;
40.000.388-8;20000136;20;PFM-M;01.07.19;;50258;1;S;ZZ;15.05.25;276;56243;61182;500000000;;IT-;15.05.25;
40.000.389-3;20000173;20;PFM-K;01.12.08;;36750;1;S;01;01.03.16;756;98920;42571;500000000;;;01.03.16;
40.000.390-1;20000207;20;PFM-M;01.10.19;;119513;1;S;ZZ;15.05.25;276;95640;;1000000000;;UMW;15.05.25;
40.000.391-6;20000327;20;PFM-M;01.05.18;;40189;1;S;ZZ;15.05.25;756;86847;14447;500000000;;IT-;15.05.25;
40.000.392-4;20000174;20;PFM-M;01.09.13;;126511;1;S;01;01.11.19;276;89761;54269;500000000;;PRO;01.11.19;
40.000.393-2;20000087;20;PFM-K;01.07.05;;22138;1;S;01;01.12.08;276;22358;66572;300000000;;;01.12.08;
40.000.394-8;20000303;20;PFM-M;01.06.17;;261723;1;S;01;01.05.21;276;89761;54269;300000000;;;01.05.21;
40.000.395-3;20000153;20;PFM-M;01.01.17;;85727;1;S;ZZ;15.05.25;756;70360;55115;500000000;;;15.05.25;
40.000.396-9;20000154;20;PFM-M;01.03.13;;39868;1;S;01;01.04.15;756;86847;14447;500000000;;;01.04.15;
40.000.397-7;20000425;20;PFM-K;01.03.08;;50737;1;S;01;01.01.10;756;98920;42571;500000000;;;01.01.10;
40.000.398-5;20000425;20;PFM-M;01.06.18;;66213;2;S;01;01.05.21;756;86847;14447;500000000;;;01.05.21;
40.000.399-0;20000392;20;PFM-M;01.05.13;;61619;2;S;01;01.07.24;756;91438;73494;500000000;;;01.07.24;
40.000.400-2;20000411;20;PFM-M;01.11.20;;44535;1;S;ZZ;15.05.25;276;61182;;500000000;;PRO;15.05.25;
40.000.401-8;20000328;20;PFM-M;01.06.15;;40343;4;S;ZZ;15.05.25;276;29784;95640;1000000000;;;15.05.25;MAHNUNG 2 VERSANDT
40.000.402-3;20000294;20;PFM-M;01.07.17;;106202;2;S;05;01.04.21;276;68857;57156;500000000;;;01.04.21;
40.000.403-9;20000503;20;PFM-K;01.09.10;;117773;1;S;01;01.01.24;756;86847;14447;500000000;;;01.01.24;
40.000.404-7;20000320;20;PFM-M;01.07.18;;23800;1;S;01;01.08.24;276;56243;61182;500000000;;RUE;01.08.24;
40.000.405-5;20000546;30;PFM-K;01.09.01;;313351;2;S;01;01.11.19;276;91596;54738;50000000;;;01.11.19;
40.000.406-0;20000019;30;PFM-K;01.04.11;;168835;2;S;01;01.04.14;756;86847;14447;200000000;;;01.04.14;
40.000.407-1;20000329;30;PFM-M;01.11.15;;94762;1;S;ZZ;15.05.25;756;48269;69787;100000000;;;15.05.25;
40.000.408-6;20000396;30;PFM-M;01.09.20;;115242;4;S;ZZ;15.05.25;276;76433;64344;50000000;;;15.05.25;
40.000.409-4;20000420;30;PFM-M;01.07.17;;118403;1;S;ZZ;15.05.25;756;86847;14447;100000000;;OBJ;15.05.25;
40.000.410-3;20000441;30;PFM-K;01.08.03;;83845;1;S;01;01.05.15;276;98657;95795;50000000;;;01.05.15;
40.000.411-9;20000200;30;PFM-M;01.10.14;;181414;1;S;01;01.02.17;756;70360;55115;200000000;;;01.02.17;
40.000.412-7;20000483;30;PFM-M;01.02.15;;389812;2;S;01;01.09.19;756;42571;;200000000;;;01.09.19;
40.000.413-5;20000534;30;PFM-M;01.12.14;;108927;1;S;ZZ;15.05.25;756;93309;;100000000;;;15.05.25;VN TEL. ANGEFR., RR BIS 15.3.
40.000.414-0;20000492;30;PFM-M;01.12.17;;119120;1;S;ZZ;15.05.25;276;54269;;200000000;;;15.05.25;
